"RouteTableName","RouteTableId","SubnetId","SubnetName","Destination","NextHop"
"pb-preprod-app-private-rt","rtb-03998eab4f1120a08","subnet-0e4e61efbb4b98e02","pb-preprod-app-private-subnet-zb","172.16.5.0/24","tgw-0cccd47a259444dcb"
"pb-preprod-app-private-rt","rtb-03998eab4f1120a08","subnet-0e4e61efbb4b98e02","pb-preprod-app-private-subnet-zb","10.10.0.0/16","tgw-0cccd47a259444dcb"
"pb-preprod-app-private-rt","rtb-03998eab4f1120a08","subnet-0e4e61efbb4b98e02","pb-preprod-app-private-subnet-zb","10.20.0.0/16","tgw-0cccd47a259444dcb"
"pb-preprod-app-private-rt","rtb-03998eab4f1120a08","subnet-0e4e61efbb4b98e02","pb-preprod-app-private-subnet-zb","10.70.0.0/16","tgw-0cccd47a259444dcb"
"pb-preprod-app-private-rt","rtb-03998eab4f1120a08","subnet-0e4e61efbb4b98e02","pb-preprod-app-private-subnet-zb","10.210.0.0/16","tgw-0cccd47a259444dcb"
"pb-preprod-app-private-rt","rtb-03998eab4f1120a08","subnet-0e4e61efbb4b98e02","pb-preprod-app-private-subnet-zb","10.211.0.0/16","local"
"pb-preprod-app-private-rt","rtb-03998eab4f1120a08","subnet-0e4e61efbb4b98e02","pb-preprod-app-private-subnet-zb","0.0.0.0/0","tgw-0cccd47a259444dcb"
"pb-preprod-app-private-rt","rtb-03998eab4f1120a08","subnet-0379a53958a5b3ab7","pb-preprod-app-private-subnet-za","172.16.5.0/24","tgw-0cccd47a259444dcb"
"pb-preprod-app-private-rt","rtb-03998eab4f1120a08","subnet-0379a53958a5b3ab7","pb-preprod-app-private-subnet-za","10.10.0.0/16","tgw-0cccd47a259444dcb"
"pb-preprod-app-private-rt","rtb-03998eab4f1120a08","subnet-0379a53958a5b3ab7","pb-preprod-app-private-subnet-za","10.20.0.0/16","tgw-0cccd47a259444dcb"
"pb-preprod-app-private-rt","rtb-03998eab4f1120a08","subnet-0379a53958a5b3ab7","pb-preprod-app-private-subnet-za","10.70.0.0/16","tgw-0cccd47a259444dcb"
"pb-preprod-app-private-rt","rtb-03998eab4f1120a08","subnet-0379a53958a5b3ab7","pb-preprod-app-private-subnet-za","10.210.0.0/16","tgw-0cccd47a259444dcb"
"pb-preprod-app-private-rt","rtb-03998eab4f1120a08","subnet-0379a53958a5b3ab7","pb-preprod-app-private-subnet-za","10.211.0.0/16","local"
"pb-preprod-app-private-rt","rtb-03998eab4f1120a08","subnet-0379a53958a5b3ab7","pb-preprod-app-private-subnet-za","0.0.0.0/0","tgw-0cccd47a259444dcb"
"pb-preprod-app-private-rt","rtb-03998eab4f1120a08","subnet-06b3bb3149268350f","pb-preprod-app-cluster-private-subnet-zc","172.16.5.0/24","tgw-0cccd47a259444dcb"
"pb-preprod-app-private-rt","rtb-03998eab4f1120a08","subnet-06b3bb3149268350f","pb-preprod-app-cluster-private-subnet-zc","10.10.0.0/16","tgw-0cccd47a259444dcb"
"pb-preprod-app-private-rt","rtb-03998eab4f1120a08","subnet-06b3bb3149268350f","pb-preprod-app-cluster-private-subnet-zc","10.20.0.0/16","tgw-0cccd47a259444dcb"
"pb-preprod-app-private-rt","rtb-03998eab4f1120a08","subnet-06b3bb3149268350f","pb-preprod-app-cluster-private-subnet-zc","10.70.0.0/16","tgw-0cccd47a259444dcb"
"pb-preprod-app-private-rt","rtb-03998eab4f1120a08","subnet-06b3bb3149268350f","pb-preprod-app-cluster-private-subnet-zc","10.210.0.0/16","tgw-0cccd47a259444dcb"
"pb-preprod-app-private-rt","rtb-03998eab4f1120a08","subnet-06b3bb3149268350f","pb-preprod-app-cluster-private-subnet-zc","10.211.0.0/16","local"
"pb-preprod-app-private-rt","rtb-03998eab4f1120a08","subnet-06b3bb3149268350f","pb-preprod-app-cluster-private-subnet-zc","0.0.0.0/0","tgw-0cccd47a259444dcb"
"pb-preprod-app-private-rt","rtb-03998eab4f1120a08","subnet-023e7c7035d0bc2a3","pb-preprod-app-cluster-private-subnet-zb","172.16.5.0/24","tgw-0cccd47a259444dcb"
"pb-preprod-app-private-rt","rtb-03998eab4f1120a08","subnet-023e7c7035d0bc2a3","pb-preprod-app-cluster-private-subnet-zb","10.10.0.0/16","tgw-0cccd47a259444dcb"
"pb-preprod-app-private-rt","rtb-03998eab4f1120a08","subnet-023e7c7035d0bc2a3","pb-preprod-app-cluster-private-subnet-zb","10.20.0.0/16","tgw-0cccd47a259444dcb"
"pb-preprod-app-private-rt","rtb-03998eab4f1120a08","subnet-023e7c7035d0bc2a3","pb-preprod-app-cluster-private-subnet-zb","10.70.0.0/16","tgw-0cccd47a259444dcb"
"pb-preprod-app-private-rt","rtb-03998eab4f1120a08","subnet-023e7c7035d0bc2a3","pb-preprod-app-cluster-private-subnet-zb","10.210.0.0/16","tgw-0cccd47a259444dcb"
"pb-preprod-app-private-rt","rtb-03998eab4f1120a08","subnet-023e7c7035d0bc2a3","pb-preprod-app-cluster-private-subnet-zb","10.211.0.0/16","local"
"pb-preprod-app-private-rt","rtb-03998eab4f1120a08","subnet-023e7c7035d0bc2a3","pb-preprod-app-cluster-private-subnet-zb","0.0.0.0/0","tgw-0cccd47a259444dcb"
"pb-preprod-app-private-rt","rtb-03998eab4f1120a08","subnet-020a5d54d3e5b0e4d","pb-preprod-app-private-subnet-zc","172.16.5.0/24","tgw-0cccd47a259444dcb"
"pb-preprod-app-private-rt","rtb-03998eab4f1120a08","subnet-020a5d54d3e5b0e4d","pb-preprod-app-private-subnet-zc","10.10.0.0/16","tgw-0cccd47a259444dcb"
"pb-preprod-app-private-rt","rtb-03998eab4f1120a08","subnet-020a5d54d3e5b0e4d","pb-preprod-app-private-subnet-zc","10.20.0.0/16","tgw-0cccd47a259444dcb"
"pb-preprod-app-private-rt","rtb-03998eab4f1120a08","subnet-020a5d54d3e5b0e4d","pb-preprod-app-private-subnet-zc","10.70.0.0/16","tgw-0cccd47a259444dcb"
"pb-preprod-app-private-rt","rtb-03998eab4f1120a08","subnet-020a5d54d3e5b0e4d","pb-preprod-app-private-subnet-zc","10.210.0.0/16","tgw-0cccd47a259444dcb"
"pb-preprod-app-private-rt","rtb-03998eab4f1120a08","subnet-020a5d54d3e5b0e4d","pb-preprod-app-private-subnet-zc","10.211.0.0/16","local"
"pb-preprod-app-private-rt","rtb-03998eab4f1120a08","subnet-020a5d54d3e5b0e4d","pb-preprod-app-private-subnet-zc","0.0.0.0/0","tgw-0cccd47a259444dcb"
"pb-preprod-app-private-rt","rtb-03998eab4f1120a08","subnet-0e1f33907453e2032","pb-preprod-app-cluster-private-subnet-za","172.16.5.0/24","tgw-0cccd47a259444dcb"
"pb-preprod-app-private-rt","rtb-03998eab4f1120a08","subnet-0e1f33907453e2032","pb-preprod-app-cluster-private-subnet-za","10.10.0.0/16","tgw-0cccd47a259444dcb"
"pb-preprod-app-private-rt","rtb-03998eab4f1120a08","subnet-0e1f33907453e2032","pb-preprod-app-cluster-private-subnet-za","10.20.0.0/16","tgw-0cccd47a259444dcb"
"pb-preprod-app-private-rt","rtb-03998eab4f1120a08","subnet-0e1f33907453e2032","pb-preprod-app-cluster-private-subnet-za","10.70.0.0/16","tgw-0cccd47a259444dcb"
"pb-preprod-app-private-rt","rtb-03998eab4f1120a08","subnet-0e1f33907453e2032","pb-preprod-app-cluster-private-subnet-za","10.210.0.0/16","tgw-0cccd47a259444dcb"
"pb-preprod-app-private-rt","rtb-03998eab4f1120a08","subnet-0e1f33907453e2032","pb-preprod-app-cluster-private-subnet-za","10.211.0.0/16","local"
"pb-preprod-app-private-rt","rtb-03998eab4f1120a08","subnet-0e1f33907453e2032","pb-preprod-app-cluster-private-subnet-za","0.0.0.0/0","tgw-0cccd47a259444dcb"
"pb-dev-db-private-rt","rtb-07147d7450710bff2","subnet-06f89c2de44dc48e6","pb-dev-db-private-subnet-zb","172.16.5.0/24","tgw-0cccd47a259444dcb"
"pb-dev-db-private-rt","rtb-07147d7450710bff2","subnet-06f89c2de44dc48e6","pb-dev-db-private-subnet-zb","10.10.0.0/16","tgw-0cccd47a259444dcb"
"pb-dev-db-private-rt","rtb-07147d7450710bff2","subnet-06f89c2de44dc48e6","pb-dev-db-private-subnet-zb","10.20.0.0/16","tgw-0cccd47a259444dcb"
"pb-dev-db-private-rt","rtb-07147d7450710bff2","subnet-06f89c2de44dc48e6","pb-dev-db-private-subnet-zb","10.70.0.0/16","tgw-0cccd47a259444dcb"
"pb-dev-db-private-rt","rtb-07147d7450710bff2","subnet-06f89c2de44dc48e6","pb-dev-db-private-subnet-zb","10.211.0.0/16","local"
"pb-dev-db-private-rt","rtb-07147d7450710bff2","subnet-05a8cc87a00075a41","pb-dev-db-private-subnet-za","172.16.5.0/24","tgw-0cccd47a259444dcb"
"pb-dev-db-private-rt","rtb-07147d7450710bff2","subnet-05a8cc87a00075a41","pb-dev-db-private-subnet-za","10.10.0.0/16","tgw-0cccd47a259444dcb"
"pb-dev-db-private-rt","rtb-07147d7450710bff2","subnet-05a8cc87a00075a41","pb-dev-db-private-subnet-za","10.20.0.0/16","tgw-0cccd47a259444dcb"
"pb-dev-db-private-rt","rtb-07147d7450710bff2","subnet-05a8cc87a00075a41","pb-dev-db-private-subnet-za","10.70.0.0/16","tgw-0cccd47a259444dcb"
"pb-dev-db-private-rt","rtb-07147d7450710bff2","subnet-05a8cc87a00075a41","pb-dev-db-private-subnet-za","10.211.0.0/16","local"
"pb-dev-db-private-rt","rtb-07147d7450710bff2","subnet-0319235b0f2e589d3","pb-dev-db-private-subnet-zc","172.16.5.0/24","tgw-0cccd47a259444dcb"
"pb-dev-db-private-rt","rtb-07147d7450710bff2","subnet-0319235b0f2e589d3","pb-dev-db-private-subnet-zc","10.10.0.0/16","tgw-0cccd47a259444dcb"
"pb-dev-db-private-rt","rtb-07147d7450710bff2","subnet-0319235b0f2e589d3","pb-dev-db-private-subnet-zc","10.20.0.0/16","tgw-0cccd47a259444dcb"
"pb-dev-db-private-rt","rtb-07147d7450710bff2","subnet-0319235b0f2e589d3","pb-dev-db-private-subnet-zc","10.70.0.0/16","tgw-0cccd47a259444dcb"
"pb-dev-db-private-rt","rtb-07147d7450710bff2","subnet-0319235b0f2e589d3","pb-dev-db-private-subnet-zc","10.211.0.0/16","local"
"network-tgw-rt-zb","rtb-0dda26e25af80b3d5","subnet-017e9721096752b44","network-tgw-private-subnet-zc","10.212.0.0/23","local"
"network-tgw-rt-zb","rtb-0dda26e25af80b3d5","subnet-017e9721096752b44","network-tgw-private-subnet-zc","0.0.0.0/0","vpce-030955c7b86c8c337"
"network-tgw-rt-zb","rtb-0dda26e25af80b3d5","subnet-097cba73dd0c5d3f2","network-tgw-private-subnet-zb","10.212.0.0/23","local"
"network-tgw-rt-zb","rtb-0dda26e25af80b3d5","subnet-097cba73dd0c5d3f2","network-tgw-private-subnet-zb","0.0.0.0/0","vpce-030955c7b86c8c337"
"network-fw-mgmt-rt","rtb-0ce8c2efe4c9d4856","subnet-0e319e265d5f55091","network-fw-mgmt-private-subnet-za","172.16.5.0/24","tgw-0cccd47a259444dcb"
"network-fw-mgmt-rt","rtb-0ce8c2efe4c9d4856","subnet-0e319e265d5f55091","network-fw-mgmt-private-subnet-za","10.212.0.0/23","local"
"network-fw-mgmt-rt","rtb-0ce8c2efe4c9d4856","subnet-0e319e265d5f55091","network-fw-mgmt-private-subnet-za","10.10.0.0/16","tgw-0cccd47a259444dcb"
"network-fw-mgmt-rt","rtb-0ce8c2efe4c9d4856","subnet-0e319e265d5f55091","network-fw-mgmt-private-subnet-za","10.20.0.0/16","tgw-0cccd47a259444dcb"
"network-fw-mgmt-rt","rtb-0ce8c2efe4c9d4856","subnet-0e319e265d5f55091","network-fw-mgmt-private-subnet-za","10.70.0.0/16","tgw-0cccd47a259444dcb"
"network-fw-mgmt-rt","rtb-0ce8c2efe4c9d4856","subnet-01914429975c98e34","network-fw-mgmt-private-subnet-zb","172.16.5.0/24","tgw-0cccd47a259444dcb"
"network-fw-mgmt-rt","rtb-0ce8c2efe4c9d4856","subnet-01914429975c98e34","network-fw-mgmt-private-subnet-zb","10.212.0.0/23","local"
"network-fw-mgmt-rt","rtb-0ce8c2efe4c9d4856","subnet-01914429975c98e34","network-fw-mgmt-private-subnet-zb","10.10.0.0/16","tgw-0cccd47a259444dcb"
"network-fw-mgmt-rt","rtb-0ce8c2efe4c9d4856","subnet-01914429975c98e34","network-fw-mgmt-private-subnet-zb","10.20.0.0/16","tgw-0cccd47a259444dcb"
"network-fw-mgmt-rt","rtb-0ce8c2efe4c9d4856","subnet-01914429975c98e34","network-fw-mgmt-private-subnet-zb","10.70.0.0/16","tgw-0cccd47a259444dcb"
"dev-public-rt","rtb-09944c1947accc9c8","subnet-0f68ab1ade6d9deb0","dev-public-subnet-zb","10.211.0.0/16","local"
"dev-public-rt","rtb-09944c1947accc9c8","subnet-0f68ab1ade6d9deb0","dev-public-subnet-zb","0.0.0.0/0","igw-046136610aba47cd5"
"dev-public-rt","rtb-09944c1947accc9c8","subnet-06d9376ca25e1db15","dev-public-subnet-za","10.211.0.0/16","local"
"dev-public-rt","rtb-09944c1947accc9c8","subnet-06d9376ca25e1db15","dev-public-subnet-za","0.0.0.0/0","igw-046136610aba47cd5"
"network-public-rt","rtb-02affa1a003ad516e","subnet-0aa6877d475d738c3","network-public-subnet-za","10.212.0.0/23","local"
"network-public-rt","rtb-02affa1a003ad516e","subnet-0aa6877d475d738c3","network-public-subnet-za","0.0.0.0/0","igw-0a6a0c557d237007a"
"network-public-rt","rtb-02affa1a003ad516e","subnet-05c9c65ead4817f7f","network-public-subnet-zb","10.212.0.0/23","local"
"network-public-rt","rtb-02affa1a003ad516e","subnet-05c9c65ead4817f7f","network-public-subnet-zb","0.0.0.0/0","igw-0a6a0c557d237007a"
"pa-dev-app-private-rt","rtb-0c97da54b3cda43ad","subnet-021a4d3793f3ea7f3","pa-dev-app-private-subnet-zb","172.16.5.0/24","tgw-0cccd47a259444dcb"
"pa-dev-app-private-rt","rtb-0c97da54b3cda43ad","subnet-021a4d3793f3ea7f3","pa-dev-app-private-subnet-zb","10.10.0.0/16","tgw-0cccd47a259444dcb"
"pa-dev-app-private-rt","rtb-0c97da54b3cda43ad","subnet-021a4d3793f3ea7f3","pa-dev-app-private-subnet-zb","10.20.0.0/16","tgw-0cccd47a259444dcb"
"pa-dev-app-private-rt","rtb-0c97da54b3cda43ad","subnet-021a4d3793f3ea7f3","pa-dev-app-private-subnet-zb","10.70.0.0/16","tgw-0cccd47a259444dcb"
"pa-dev-app-private-rt","rtb-0c97da54b3cda43ad","subnet-021a4d3793f3ea7f3","pa-dev-app-private-subnet-zb","10.210.0.0/16","tgw-0cccd47a259444dcb"
"pa-dev-app-private-rt","rtb-0c97da54b3cda43ad","subnet-021a4d3793f3ea7f3","pa-dev-app-private-subnet-zb","10.211.0.0/16","local"
"pa-dev-app-private-rt","rtb-0c97da54b3cda43ad","subnet-021a4d3793f3ea7f3","pa-dev-app-private-subnet-zb","0.0.0.0/0","tgw-0cccd47a259444dcb"
"pa-dev-app-private-rt","rtb-0c97da54b3cda43ad","subnet-03e0c8cfa2150660a","pa-dev-app-cluster-private-subnet-zb","172.16.5.0/24","tgw-0cccd47a259444dcb"
"pa-dev-app-private-rt","rtb-0c97da54b3cda43ad","subnet-03e0c8cfa2150660a","pa-dev-app-cluster-private-subnet-zb","10.10.0.0/16","tgw-0cccd47a259444dcb"
"pa-dev-app-private-rt","rtb-0c97da54b3cda43ad","subnet-03e0c8cfa2150660a","pa-dev-app-cluster-private-subnet-zb","10.20.0.0/16","tgw-0cccd47a259444dcb"
"pa-dev-app-private-rt","rtb-0c97da54b3cda43ad","subnet-03e0c8cfa2150660a","pa-dev-app-cluster-private-subnet-zb","10.70.0.0/16","tgw-0cccd47a259444dcb"
"pa-dev-app-private-rt","rtb-0c97da54b3cda43ad","subnet-03e0c8cfa2150660a","pa-dev-app-cluster-private-subnet-zb","10.210.0.0/16","tgw-0cccd47a259444dcb"
"pa-dev-app-private-rt","rtb-0c97da54b3cda43ad","subnet-03e0c8cfa2150660a","pa-dev-app-cluster-private-subnet-zb","10.211.0.0/16","local"
"pa-dev-app-private-rt","rtb-0c97da54b3cda43ad","subnet-03e0c8cfa2150660a","pa-dev-app-cluster-private-subnet-zb","0.0.0.0/0","tgw-0cccd47a259444dcb"
"pa-dev-app-private-rt","rtb-0c97da54b3cda43ad","subnet-04276ffe3a739c2b0","pa-dev-app-cluster-private-subnet-zc","172.16.5.0/24","tgw-0cccd47a259444dcb"
"pa-dev-app-private-rt","rtb-0c97da54b3cda43ad","subnet-04276ffe3a739c2b0","pa-dev-app-cluster-private-subnet-zc","10.10.0.0/16","tgw-0cccd47a259444dcb"
"pa-dev-app-private-rt","rtb-0c97da54b3cda43ad","subnet-04276ffe3a739c2b0","pa-dev-app-cluster-private-subnet-zc","10.20.0.0/16","tgw-0cccd47a259444dcb"
"pa-dev-app-private-rt","rtb-0c97da54b3cda43ad","subnet-04276ffe3a739c2b0","pa-dev-app-cluster-private-subnet-zc","10.70.0.0/16","tgw-0cccd47a259444dcb"
"pa-dev-app-private-rt","rtb-0c97da54b3cda43ad","subnet-04276ffe3a739c2b0","pa-dev-app-cluster-private-subnet-zc","10.210.0.0/16","tgw-0cccd47a259444dcb"
"pa-dev-app-private-rt","rtb-0c97da54b3cda43ad","subnet-04276ffe3a739c2b0","pa-dev-app-cluster-private-subnet-zc","10.211.0.0/16","local"
"pa-dev-app-private-rt","rtb-0c97da54b3cda43ad","subnet-04276ffe3a739c2b0","pa-dev-app-cluster-private-subnet-zc","0.0.0.0/0","tgw-0cccd47a259444dcb"
"pa-dev-app-private-rt","rtb-0c97da54b3cda43ad","subnet-04e8c63c48205e67d","pa-dev-app-cluster-private-subnet-za","172.16.5.0/24","tgw-0cccd47a259444dcb"
"pa-dev-app-private-rt","rtb-0c97da54b3cda43ad","subnet-04e8c63c48205e67d","pa-dev-app-cluster-private-subnet-za","10.10.0.0/16","tgw-0cccd47a259444dcb"
"pa-dev-app-private-rt","rtb-0c97da54b3cda43ad","subnet-04e8c63c48205e67d","pa-dev-app-cluster-private-subnet-za","10.20.0.0/16","tgw-0cccd47a259444dcb"
"pa-dev-app-private-rt","rtb-0c97da54b3cda43ad","subnet-04e8c63c48205e67d","pa-dev-app-cluster-private-subnet-za","10.70.0.0/16","tgw-0cccd47a259444dcb"
"pa-dev-app-private-rt","rtb-0c97da54b3cda43ad","subnet-04e8c63c48205e67d","pa-dev-app-cluster-private-subnet-za","10.210.0.0/16","tgw-0cccd47a259444dcb"
"pa-dev-app-private-rt","rtb-0c97da54b3cda43ad","subnet-04e8c63c48205e67d","pa-dev-app-cluster-private-subnet-za","10.211.0.0/16","local"
"pa-dev-app-private-rt","rtb-0c97da54b3cda43ad","subnet-04e8c63c48205e67d","pa-dev-app-cluster-private-subnet-za","0.0.0.0/0","tgw-0cccd47a259444dcb"
"pa-dev-app-private-rt","rtb-0c97da54b3cda43ad","subnet-056b0fdb1237abeb1","pa-dev-app-private-subnet-za","172.16.5.0/24","tgw-0cccd47a259444dcb"
"pa-dev-app-private-rt","rtb-0c97da54b3cda43ad","subnet-056b0fdb1237abeb1","pa-dev-app-private-subnet-za","10.10.0.0/16","tgw-0cccd47a259444dcb"
"pa-dev-app-private-rt","rtb-0c97da54b3cda43ad","subnet-056b0fdb1237abeb1","pa-dev-app-private-subnet-za","10.20.0.0/16","tgw-0cccd47a259444dcb"
"pa-dev-app-private-rt","rtb-0c97da54b3cda43ad","subnet-056b0fdb1237abeb1","pa-dev-app-private-subnet-za","10.70.0.0/16","tgw-0cccd47a259444dcb"
"pa-dev-app-private-rt","rtb-0c97da54b3cda43ad","subnet-056b0fdb1237abeb1","pa-dev-app-private-subnet-za","10.210.0.0/16","tgw-0cccd47a259444dcb"
"pa-dev-app-private-rt","rtb-0c97da54b3cda43ad","subnet-056b0fdb1237abeb1","pa-dev-app-private-subnet-za","10.211.0.0/16","local"
"pa-dev-app-private-rt","rtb-0c97da54b3cda43ad","subnet-056b0fdb1237abeb1","pa-dev-app-private-subnet-za","0.0.0.0/0","tgw-0cccd47a259444dcb"
"pa-dev-app-private-rt","rtb-0c97da54b3cda43ad","subnet-0b1e4518654e86d97","pa-dev-app-private-subnet-zc","172.16.5.0/24","tgw-0cccd47a259444dcb"
"pa-dev-app-private-rt","rtb-0c97da54b3cda43ad","subnet-0b1e4518654e86d97","pa-dev-app-private-subnet-zc","10.10.0.0/16","tgw-0cccd47a259444dcb"
"pa-dev-app-private-rt","rtb-0c97da54b3cda43ad","subnet-0b1e4518654e86d97","pa-dev-app-private-subnet-zc","10.20.0.0/16","tgw-0cccd47a259444dcb"
"pa-dev-app-private-rt","rtb-0c97da54b3cda43ad","subnet-0b1e4518654e86d97","pa-dev-app-private-subnet-zc","10.70.0.0/16","tgw-0cccd47a259444dcb"
"pa-dev-app-private-rt","rtb-0c97da54b3cda43ad","subnet-0b1e4518654e86d97","pa-dev-app-private-subnet-zc","10.210.0.0/16","tgw-0cccd47a259444dcb"
"pa-dev-app-private-rt","rtb-0c97da54b3cda43ad","subnet-0b1e4518654e86d97","pa-dev-app-private-subnet-zc","10.211.0.0/16","local"
"pa-dev-app-private-rt","rtb-0c97da54b3cda43ad","subnet-0b1e4518654e86d97","pa-dev-app-private-subnet-zc","0.0.0.0/0","tgw-0cccd47a259444dcb"
"pb-uat-app-private-rt","rtb-0f8e7b5abf7a66eb3","subnet-0da5fbe8156f55f0d","pb-uat-app-private-subnet-zb","172.16.5.0/24","tgw-0cccd47a259444dcb"
"pb-uat-app-private-rt","rtb-0f8e7b5abf7a66eb3","subnet-0da5fbe8156f55f0d","pb-uat-app-private-subnet-zb","10.10.0.0/16","tgw-0cccd47a259444dcb"
"pb-uat-app-private-rt","rtb-0f8e7b5abf7a66eb3","subnet-0da5fbe8156f55f0d","pb-uat-app-private-subnet-zb","10.20.0.0/16","tgw-0cccd47a259444dcb"
"pb-uat-app-private-rt","rtb-0f8e7b5abf7a66eb3","subnet-0da5fbe8156f55f0d","pb-uat-app-private-subnet-zb","10.70.0.0/16","tgw-0cccd47a259444dcb"
"pb-uat-app-private-rt","rtb-0f8e7b5abf7a66eb3","subnet-0da5fbe8156f55f0d","pb-uat-app-private-subnet-zb","10.210.0.0/16","tgw-0cccd47a259444dcb"
"pb-uat-app-private-rt","rtb-0f8e7b5abf7a66eb3","subnet-0da5fbe8156f55f0d","pb-uat-app-private-subnet-zb","10.211.0.0/16","local"
"pb-uat-app-private-rt","rtb-0f8e7b5abf7a66eb3","subnet-0da5fbe8156f55f0d","pb-uat-app-private-subnet-zb","0.0.0.0/0","tgw-0cccd47a259444dcb"
"pb-uat-app-private-rt","rtb-0f8e7b5abf7a66eb3","subnet-0da0ed64fbb794944","pb-uat-app-cluster-private-subnet-zc","172.16.5.0/24","tgw-0cccd47a259444dcb"
"pb-uat-app-private-rt","rtb-0f8e7b5abf7a66eb3","subnet-0da0ed64fbb794944","pb-uat-app-cluster-private-subnet-zc","10.10.0.0/16","tgw-0cccd47a259444dcb"
"pb-uat-app-private-rt","rtb-0f8e7b5abf7a66eb3","subnet-0da0ed64fbb794944","pb-uat-app-cluster-private-subnet-zc","10.20.0.0/16","tgw-0cccd47a259444dcb"
"pb-uat-app-private-rt","rtb-0f8e7b5abf7a66eb3","subnet-0da0ed64fbb794944","pb-uat-app-cluster-private-subnet-zc","10.70.0.0/16","tgw-0cccd47a259444dcb"
"pb-uat-app-private-rt","rtb-0f8e7b5abf7a66eb3","subnet-0da0ed64fbb794944","pb-uat-app-cluster-private-subnet-zc","10.210.0.0/16","tgw-0cccd47a259444dcb"
"pb-uat-app-private-rt","rtb-0f8e7b5abf7a66eb3","subnet-0da0ed64fbb794944","pb-uat-app-cluster-private-subnet-zc","10.211.0.0/16","local"
"pb-uat-app-private-rt","rtb-0f8e7b5abf7a66eb3","subnet-0da0ed64fbb794944","pb-uat-app-cluster-private-subnet-zc","0.0.0.0/0","tgw-0cccd47a259444dcb"
"pb-uat-app-private-rt","rtb-0f8e7b5abf7a66eb3","subnet-03e9647315629ae6a","pb-uat-app-cluster-private-subnet-za","172.16.5.0/24","tgw-0cccd47a259444dcb"
"pb-uat-app-private-rt","rtb-0f8e7b5abf7a66eb3","subnet-03e9647315629ae6a","pb-uat-app-cluster-private-subnet-za","10.10.0.0/16","tgw-0cccd47a259444dcb"
"pb-uat-app-private-rt","rtb-0f8e7b5abf7a66eb3","subnet-03e9647315629ae6a","pb-uat-app-cluster-private-subnet-za","10.20.0.0/16","tgw-0cccd47a259444dcb"
"pb-uat-app-private-rt","rtb-0f8e7b5abf7a66eb3","subnet-03e9647315629ae6a","pb-uat-app-cluster-private-subnet-za","10.70.0.0/16","tgw-0cccd47a259444dcb"
"pb-uat-app-private-rt","rtb-0f8e7b5abf7a66eb3","subnet-03e9647315629ae6a","pb-uat-app-cluster-private-subnet-za","10.210.0.0/16","tgw-0cccd47a259444dcb"
"pb-uat-app-private-rt","rtb-0f8e7b5abf7a66eb3","subnet-03e9647315629ae6a","pb-uat-app-cluster-private-subnet-za","10.211.0.0/16","local"
"pb-uat-app-private-rt","rtb-0f8e7b5abf7a66eb3","subnet-03e9647315629ae6a","pb-uat-app-cluster-private-subnet-za","0.0.0.0/0","tgw-0cccd47a259444dcb"
"pb-uat-app-private-rt","rtb-0f8e7b5abf7a66eb3","subnet-0e5702edf4315637f","pb-uat-app-cluster-private-subnet-zb","172.16.5.0/24","tgw-0cccd47a259444dcb"
"pb-uat-app-private-rt","rtb-0f8e7b5abf7a66eb3","subnet-0e5702edf4315637f","pb-uat-app-cluster-private-subnet-zb","10.10.0.0/16","tgw-0cccd47a259444dcb"
"pb-uat-app-private-rt","rtb-0f8e7b5abf7a66eb3","subnet-0e5702edf4315637f","pb-uat-app-cluster-private-subnet-zb","10.20.0.0/16","tgw-0cccd47a259444dcb"
"pb-uat-app-private-rt","rtb-0f8e7b5abf7a66eb3","subnet-0e5702edf4315637f","pb-uat-app-cluster-private-subnet-zb","10.70.0.0/16","tgw-0cccd47a259444dcb"
"pb-uat-app-private-rt","rtb-0f8e7b5abf7a66eb3","subnet-0e5702edf4315637f","pb-uat-app-cluster-private-subnet-zb","10.210.0.0/16","tgw-0cccd47a259444dcb"
"pb-uat-app-private-rt","rtb-0f8e7b5abf7a66eb3","subnet-0e5702edf4315637f","pb-uat-app-cluster-private-subnet-zb","10.211.0.0/16","local"
"pb-uat-app-private-rt","rtb-0f8e7b5abf7a66eb3","subnet-0e5702edf4315637f","pb-uat-app-cluster-private-subnet-zb","0.0.0.0/0","tgw-0cccd47a259444dcb"
"pb-uat-app-private-rt","rtb-0f8e7b5abf7a66eb3","subnet-00d0fc6dba02a968a","pb-uat-app-private-subnet-zc","172.16.5.0/24","tgw-0cccd47a259444dcb"
"pb-uat-app-private-rt","rtb-0f8e7b5abf7a66eb3","subnet-00d0fc6dba02a968a","pb-uat-app-private-subnet-zc","10.10.0.0/16","tgw-0cccd47a259444dcb"
"pb-uat-app-private-rt","rtb-0f8e7b5abf7a66eb3","subnet-00d0fc6dba02a968a","pb-uat-app-private-subnet-zc","10.20.0.0/16","tgw-0cccd47a259444dcb"
"pb-uat-app-private-rt","rtb-0f8e7b5abf7a66eb3","subnet-00d0fc6dba02a968a","pb-uat-app-private-subnet-zc","10.70.0.0/16","tgw-0cccd47a259444dcb"
"pb-uat-app-private-rt","rtb-0f8e7b5abf7a66eb3","subnet-00d0fc6dba02a968a","pb-uat-app-private-subnet-zc","10.210.0.0/16","tgw-0cccd47a259444dcb"
"pb-uat-app-private-rt","rtb-0f8e7b5abf7a66eb3","subnet-00d0fc6dba02a968a","pb-uat-app-private-subnet-zc","10.211.0.0/16","local"
"pb-uat-app-private-rt","rtb-0f8e7b5abf7a66eb3","subnet-00d0fc6dba02a968a","pb-uat-app-private-subnet-zc","0.0.0.0/0","tgw-0cccd47a259444dcb"
"pb-uat-app-private-rt","rtb-0f8e7b5abf7a66eb3","subnet-089dc164641cc4f1c","pb-uat-app-private-subnet-za","172.16.5.0/24","tgw-0cccd47a259444dcb"
"pb-uat-app-private-rt","rtb-0f8e7b5abf7a66eb3","subnet-089dc164641cc4f1c","pb-uat-app-private-subnet-za","10.10.0.0/16","tgw-0cccd47a259444dcb"
"pb-uat-app-private-rt","rtb-0f8e7b5abf7a66eb3","subnet-089dc164641cc4f1c","pb-uat-app-private-subnet-za","10.20.0.0/16","tgw-0cccd47a259444dcb"
"pb-uat-app-private-rt","rtb-0f8e7b5abf7a66eb3","subnet-089dc164641cc4f1c","pb-uat-app-private-subnet-za","10.70.0.0/16","tgw-0cccd47a259444dcb"
"pb-uat-app-private-rt","rtb-0f8e7b5abf7a66eb3","subnet-089dc164641cc4f1c","pb-uat-app-private-subnet-za","10.210.0.0/16","tgw-0cccd47a259444dcb"
"pb-uat-app-private-rt","rtb-0f8e7b5abf7a66eb3","subnet-089dc164641cc4f1c","pb-uat-app-private-subnet-za","10.211.0.0/16","local"
"pb-uat-app-private-rt","rtb-0f8e7b5abf7a66eb3","subnet-089dc164641cc4f1c","pb-uat-app-private-subnet-za","0.0.0.0/0","tgw-0cccd47a259444dcb"
"prod-public-rt","rtb-05b3bc90e4b844b47","subnet-0a9c91a8ec19bac67","prod-public-subnet-zb","10.210.0.0/16","local"
"prod-public-rt","rtb-05b3bc90e4b844b47","subnet-0a9c91a8ec19bac67","prod-public-subnet-zb","0.0.0.0/0","igw-01d8b482f666e54d1"
"prod-public-rt","rtb-05b3bc90e4b844b47","subnet-017bd84fb3fc563a4","prod-public-subnet-za","10.210.0.0/16","local"
"prod-public-rt","rtb-05b3bc90e4b844b47","subnet-017bd84fb3fc563a4","prod-public-subnet-za","0.0.0.0/0","igw-01d8b482f666e54d1"
"network-fw-gp-rt","rtb-0bc12c7ec0452ebec","subnet-061e415b1b9c45735","network-fw-gp-private-subnet-za","10.212.0.0/23","local"
"network-fw-gp-rt","rtb-0bc12c7ec0452ebec","subnet-061e415b1b9c45735","network-fw-gp-private-subnet-za","10.210.0.0/16","tgw-0cccd47a259444dcb"
"network-fw-gp-rt","rtb-0bc12c7ec0452ebec","subnet-061e415b1b9c45735","network-fw-gp-private-subnet-za","10.211.0.0/16","tgw-0cccd47a259444dcb"
"network-fw-gp-rt","rtb-0bc12c7ec0452ebec","subnet-0bee15716216e2844","network-fw-gp-private-subnet-zb","10.212.0.0/23","local"
"network-fw-gp-rt","rtb-0bc12c7ec0452ebec","subnet-0bee15716216e2844","network-fw-gp-private-subnet-zb","10.210.0.0/16","tgw-0cccd47a259444dcb"
"network-fw-gp-rt","rtb-0bc12c7ec0452ebec","subnet-0bee15716216e2844","network-fw-gp-private-subnet-zb","10.211.0.0/16","tgw-0cccd47a259444dcb"
"pa-dev-db-private-rt","rtb-005e6a2ab98e08cc4","subnet-00ecb8ab88bc94759","pa-dev-db-private-subnet-zb","172.16.5.0/24","tgw-0cccd47a259444dcb"
"pa-dev-db-private-rt","rtb-005e6a2ab98e08cc4","subnet-00ecb8ab88bc94759","pa-dev-db-private-subnet-zb","10.10.0.0/16","tgw-0cccd47a259444dcb"
"pa-dev-db-private-rt","rtb-005e6a2ab98e08cc4","subnet-00ecb8ab88bc94759","pa-dev-db-private-subnet-zb","10.20.0.0/16","tgw-0cccd47a259444dcb"
"pa-dev-db-private-rt","rtb-005e6a2ab98e08cc4","subnet-00ecb8ab88bc94759","pa-dev-db-private-subnet-zb","10.70.0.0/16","tgw-0cccd47a259444dcb"
"pa-dev-db-private-rt","rtb-005e6a2ab98e08cc4","subnet-00ecb8ab88bc94759","pa-dev-db-private-subnet-zb","10.211.0.0/16","local"
"pa-dev-db-private-rt","rtb-005e6a2ab98e08cc4","subnet-023ebd11848a77f10","pa-dev-db-private-subnet-zc","172.16.5.0/24","tgw-0cccd47a259444dcb"
"pa-dev-db-private-rt","rtb-005e6a2ab98e08cc4","subnet-023ebd11848a77f10","pa-dev-db-private-subnet-zc","10.10.0.0/16","tgw-0cccd47a259444dcb"
"pa-dev-db-private-rt","rtb-005e6a2ab98e08cc4","subnet-023ebd11848a77f10","pa-dev-db-private-subnet-zc","10.20.0.0/16","tgw-0cccd47a259444dcb"
"pa-dev-db-private-rt","rtb-005e6a2ab98e08cc4","subnet-023ebd11848a77f10","pa-dev-db-private-subnet-zc","10.70.0.0/16","tgw-0cccd47a259444dcb"
"pa-dev-db-private-rt","rtb-005e6a2ab98e08cc4","subnet-023ebd11848a77f10","pa-dev-db-private-subnet-zc","10.211.0.0/16","local"
"pa-dev-db-private-rt","rtb-005e6a2ab98e08cc4","subnet-0a5402b26fa5c38b1","pa-dev-db-private-subnet-za","172.16.5.0/24","tgw-0cccd47a259444dcb"
"pa-dev-db-private-rt","rtb-005e6a2ab98e08cc4","subnet-0a5402b26fa5c38b1","pa-dev-db-private-subnet-za","10.10.0.0/16","tgw-0cccd47a259444dcb"
"pa-dev-db-private-rt","rtb-005e6a2ab98e08cc4","subnet-0a5402b26fa5c38b1","pa-dev-db-private-subnet-za","10.20.0.0/16","tgw-0cccd47a259444dcb"
"pa-dev-db-private-rt","rtb-005e6a2ab98e08cc4","subnet-0a5402b26fa5c38b1","pa-dev-db-private-subnet-za","10.70.0.0/16","tgw-0cccd47a259444dcb"
"pa-dev-db-private-rt","rtb-005e6a2ab98e08cc4","subnet-0a5402b26fa5c38b1","pa-dev-db-private-subnet-za","10.211.0.0/16","local"
"pa-uat-db-private-rt","rtb-02acf27dfd6b894dc","subnet-0bb8513a0f62b9c4c","pa-uat-db-private-subnet-zc","172.16.5.0/24","tgw-0cccd47a259444dcb"
"pa-uat-db-private-rt","rtb-02acf27dfd6b894dc","subnet-0bb8513a0f62b9c4c","pa-uat-db-private-subnet-zc","10.10.0.0/16","tgw-0cccd47a259444dcb"
"pa-uat-db-private-rt","rtb-02acf27dfd6b894dc","subnet-0bb8513a0f62b9c4c","pa-uat-db-private-subnet-zc","10.20.0.0/16","tgw-0cccd47a259444dcb"
"pa-uat-db-private-rt","rtb-02acf27dfd6b894dc","subnet-0bb8513a0f62b9c4c","pa-uat-db-private-subnet-zc","10.70.0.0/16","tgw-0cccd47a259444dcb"
"pa-uat-db-private-rt","rtb-02acf27dfd6b894dc","subnet-0bb8513a0f62b9c4c","pa-uat-db-private-subnet-zc","10.211.0.0/16","local"
"pa-uat-db-private-rt","rtb-02acf27dfd6b894dc","subnet-0aac96b5ad1ce148f","pa-uat-db-private-subnet-zb","172.16.5.0/24","tgw-0cccd47a259444dcb"
"pa-uat-db-private-rt","rtb-02acf27dfd6b894dc","subnet-0aac96b5ad1ce148f","pa-uat-db-private-subnet-zb","10.10.0.0/16","tgw-0cccd47a259444dcb"
"pa-uat-db-private-rt","rtb-02acf27dfd6b894dc","subnet-0aac96b5ad1ce148f","pa-uat-db-private-subnet-zb","10.20.0.0/16","tgw-0cccd47a259444dcb"
"pa-uat-db-private-rt","rtb-02acf27dfd6b894dc","subnet-0aac96b5ad1ce148f","pa-uat-db-private-subnet-zb","10.70.0.0/16","tgw-0cccd47a259444dcb"
"pa-uat-db-private-rt","rtb-02acf27dfd6b894dc","subnet-0aac96b5ad1ce148f","pa-uat-db-private-subnet-zb","10.211.0.0/16","local"
"pa-uat-db-private-rt","rtb-02acf27dfd6b894dc","subnet-075ddbd912eb36ee4","pa-uat-db-private-subnet-za","172.16.5.0/24","tgw-0cccd47a259444dcb"
"pa-uat-db-private-rt","rtb-02acf27dfd6b894dc","subnet-075ddbd912eb36ee4","pa-uat-db-private-subnet-za","10.10.0.0/16","tgw-0cccd47a259444dcb"
"pa-uat-db-private-rt","rtb-02acf27dfd6b894dc","subnet-075ddbd912eb36ee4","pa-uat-db-private-subnet-za","10.20.0.0/16","tgw-0cccd47a259444dcb"
"pa-uat-db-private-rt","rtb-02acf27dfd6b894dc","subnet-075ddbd912eb36ee4","pa-uat-db-private-subnet-za","10.70.0.0/16","tgw-0cccd47a259444dcb"
"pa-uat-db-private-rt","rtb-02acf27dfd6b894dc","subnet-075ddbd912eb36ee4","pa-uat-db-private-subnet-za","10.211.0.0/16","local"
"pa-preprod-app-private-rt","rtb-0a7d335245dc30ce5","subnet-0fc886147d5d4223d","pa-preprod-app-cluster-private-subnet-zb","172.16.5.0/24","tgw-0cccd47a259444dcb"
"pa-preprod-app-private-rt","rtb-0a7d335245dc30ce5","subnet-0fc886147d5d4223d","pa-preprod-app-cluster-private-subnet-zb","10.10.0.0/16","tgw-0cccd47a259444dcb"
"pa-preprod-app-private-rt","rtb-0a7d335245dc30ce5","subnet-0fc886147d5d4223d","pa-preprod-app-cluster-private-subnet-zb","10.20.0.0/16","tgw-0cccd47a259444dcb"
"pa-preprod-app-private-rt","rtb-0a7d335245dc30ce5","subnet-0fc886147d5d4223d","pa-preprod-app-cluster-private-subnet-zb","10.70.0.0/16","tgw-0cccd47a259444dcb"
"pa-preprod-app-private-rt","rtb-0a7d335245dc30ce5","subnet-0fc886147d5d4223d","pa-preprod-app-cluster-private-subnet-zb","10.210.0.0/16","tgw-0cccd47a259444dcb"
"pa-preprod-app-private-rt","rtb-0a7d335245dc30ce5","subnet-0fc886147d5d4223d","pa-preprod-app-cluster-private-subnet-zb","10.211.0.0/16","local"
"pa-preprod-app-private-rt","rtb-0a7d335245dc30ce5","subnet-0fc886147d5d4223d","pa-preprod-app-cluster-private-subnet-zb","0.0.0.0/0","tgw-0cccd47a259444dcb"
"pa-preprod-app-private-rt","rtb-0a7d335245dc30ce5","subnet-0201e3141afe98cf0","pa-preprod-app-cluster-private-subnet-za","172.16.5.0/24","tgw-0cccd47a259444dcb"
"pa-preprod-app-private-rt","rtb-0a7d335245dc30ce5","subnet-0201e3141afe98cf0","pa-preprod-app-cluster-private-subnet-za","10.10.0.0/16","tgw-0cccd47a259444dcb"
"pa-preprod-app-private-rt","rtb-0a7d335245dc30ce5","subnet-0201e3141afe98cf0","pa-preprod-app-cluster-private-subnet-za","10.20.0.0/16","tgw-0cccd47a259444dcb"
"pa-preprod-app-private-rt","rtb-0a7d335245dc30ce5","subnet-0201e3141afe98cf0","pa-preprod-app-cluster-private-subnet-za","10.70.0.0/16","tgw-0cccd47a259444dcb"
"pa-preprod-app-private-rt","rtb-0a7d335245dc30ce5","subnet-0201e3141afe98cf0","pa-preprod-app-cluster-private-subnet-za","10.210.0.0/16","tgw-0cccd47a259444dcb"
"pa-preprod-app-private-rt","rtb-0a7d335245dc30ce5","subnet-0201e3141afe98cf0","pa-preprod-app-cluster-private-subnet-za","10.211.0.0/16","local"
"pa-preprod-app-private-rt","rtb-0a7d335245dc30ce5","subnet-0201e3141afe98cf0","pa-preprod-app-cluster-private-subnet-za","0.0.0.0/0","tgw-0cccd47a259444dcb"
"pa-preprod-app-private-rt","rtb-0a7d335245dc30ce5","subnet-0ec51183f09fb1b10","pa-preprod-app-private-subnet-za","172.16.5.0/24","tgw-0cccd47a259444dcb"
"pa-preprod-app-private-rt","rtb-0a7d335245dc30ce5","subnet-0ec51183f09fb1b10","pa-preprod-app-private-subnet-za","10.10.0.0/16","tgw-0cccd47a259444dcb"
"pa-preprod-app-private-rt","rtb-0a7d335245dc30ce5","subnet-0ec51183f09fb1b10","pa-preprod-app-private-subnet-za","10.20.0.0/16","tgw-0cccd47a259444dcb"
"pa-preprod-app-private-rt","rtb-0a7d335245dc30ce5","subnet-0ec51183f09fb1b10","pa-preprod-app-private-subnet-za","10.70.0.0/16","tgw-0cccd47a259444dcb"
"pa-preprod-app-private-rt","rtb-0a7d335245dc30ce5","subnet-0ec51183f09fb1b10","pa-preprod-app-private-subnet-za","10.210.0.0/16","tgw-0cccd47a259444dcb"
"pa-preprod-app-private-rt","rtb-0a7d335245dc30ce5","subnet-0ec51183f09fb1b10","pa-preprod-app-private-subnet-za","10.211.0.0/16","local"
"pa-preprod-app-private-rt","rtb-0a7d335245dc30ce5","subnet-0ec51183f09fb1b10","pa-preprod-app-private-subnet-za","0.0.0.0/0","tgw-0cccd47a259444dcb"
"pa-preprod-app-private-rt","rtb-0a7d335245dc30ce5","subnet-0b42519d85a04f43a","pa-preprod-app-private-subnet-zb","172.16.5.0/24","tgw-0cccd47a259444dcb"
"pa-preprod-app-private-rt","rtb-0a7d335245dc30ce5","subnet-0b42519d85a04f43a","pa-preprod-app-private-subnet-zb","10.10.0.0/16","tgw-0cccd47a259444dcb"
"pa-preprod-app-private-rt","rtb-0a7d335245dc30ce5","subnet-0b42519d85a04f43a","pa-preprod-app-private-subnet-zb","10.20.0.0/16","tgw-0cccd47a259444dcb"
"pa-preprod-app-private-rt","rtb-0a7d335245dc30ce5","subnet-0b42519d85a04f43a","pa-preprod-app-private-subnet-zb","10.70.0.0/16","tgw-0cccd47a259444dcb"
"pa-preprod-app-private-rt","rtb-0a7d335245dc30ce5","subnet-0b42519d85a04f43a","pa-preprod-app-private-subnet-zb","10.210.0.0/16","tgw-0cccd47a259444dcb"
"pa-preprod-app-private-rt","rtb-0a7d335245dc30ce5","subnet-0b42519d85a04f43a","pa-preprod-app-private-subnet-zb","10.211.0.0/16","local"
"pa-preprod-app-private-rt","rtb-0a7d335245dc30ce5","subnet-0b42519d85a04f43a","pa-preprod-app-private-subnet-zb","0.0.0.0/0","tgw-0cccd47a259444dcb"
"pa-preprod-app-private-rt","rtb-0a7d335245dc30ce5","subnet-0d5f3eae62ef5d333","pa-preprod-app-cluster-private-subnet-zc","172.16.5.0/24","tgw-0cccd47a259444dcb"
"pa-preprod-app-private-rt","rtb-0a7d335245dc30ce5","subnet-0d5f3eae62ef5d333","pa-preprod-app-cluster-private-subnet-zc","10.10.0.0/16","tgw-0cccd47a259444dcb"
"pa-preprod-app-private-rt","rtb-0a7d335245dc30ce5","subnet-0d5f3eae62ef5d333","pa-preprod-app-cluster-private-subnet-zc","10.20.0.0/16","tgw-0cccd47a259444dcb"
"pa-preprod-app-private-rt","rtb-0a7d335245dc30ce5","subnet-0d5f3eae62ef5d333","pa-preprod-app-cluster-private-subnet-zc","10.70.0.0/16","tgw-0cccd47a259444dcb"
"pa-preprod-app-private-rt","rtb-0a7d335245dc30ce5","subnet-0d5f3eae62ef5d333","pa-preprod-app-cluster-private-subnet-zc","10.210.0.0/16","tgw-0cccd47a259444dcb"
"pa-preprod-app-private-rt","rtb-0a7d335245dc30ce5","subnet-0d5f3eae62ef5d333","pa-preprod-app-cluster-private-subnet-zc","10.211.0.0/16","local"
"pa-preprod-app-private-rt","rtb-0a7d335245dc30ce5","subnet-0d5f3eae62ef5d333","pa-preprod-app-cluster-private-subnet-zc","0.0.0.0/0","tgw-0cccd47a259444dcb"
"pa-preprod-app-private-rt","rtb-0a7d335245dc30ce5","subnet-0315fe6c90f52787a","pa-preprod-app-private-subnet-zc","172.16.5.0/24","tgw-0cccd47a259444dcb"
"pa-preprod-app-private-rt","rtb-0a7d335245dc30ce5","subnet-0315fe6c90f52787a","pa-preprod-app-private-subnet-zc","10.10.0.0/16","tgw-0cccd47a259444dcb"
"pa-preprod-app-private-rt","rtb-0a7d335245dc30ce5","subnet-0315fe6c90f52787a","pa-preprod-app-private-subnet-zc","10.20.0.0/16","tgw-0cccd47a259444dcb"
"pa-preprod-app-private-rt","rtb-0a7d335245dc30ce5","subnet-0315fe6c90f52787a","pa-preprod-app-private-subnet-zc","10.70.0.0/16","tgw-0cccd47a259444dcb"
"pa-preprod-app-private-rt","rtb-0a7d335245dc30ce5","subnet-0315fe6c90f52787a","pa-preprod-app-private-subnet-zc","10.210.0.0/16","tgw-0cccd47a259444dcb"
"pa-preprod-app-private-rt","rtb-0a7d335245dc30ce5","subnet-0315fe6c90f52787a","pa-preprod-app-private-subnet-zc","10.211.0.0/16","local"
"pa-preprod-app-private-rt","rtb-0a7d335245dc30ce5","subnet-0315fe6c90f52787a","pa-preprod-app-private-subnet-zc","0.0.0.0/0","tgw-0cccd47a259444dcb"
"pb-uat-db-private-rt","rtb-0f90368448ac42fdd","subnet-0f22001d8ab462134","pb-uat-db-private-subnet-zc","172.16.5.0/24","tgw-0cccd47a259444dcb"
"pb-uat-db-private-rt","rtb-0f90368448ac42fdd","subnet-0f22001d8ab462134","pb-uat-db-private-subnet-zc","10.10.0.0/16","tgw-0cccd47a259444dcb"
"pb-uat-db-private-rt","rtb-0f90368448ac42fdd","subnet-0f22001d8ab462134","pb-uat-db-private-subnet-zc","10.20.0.0/16","tgw-0cccd47a259444dcb"
"pb-uat-db-private-rt","rtb-0f90368448ac42fdd","subnet-0f22001d8ab462134","pb-uat-db-private-subnet-zc","10.70.0.0/16","tgw-0cccd47a259444dcb"
"pb-uat-db-private-rt","rtb-0f90368448ac42fdd","subnet-0f22001d8ab462134","pb-uat-db-private-subnet-zc","10.211.0.0/16","local"
"pb-uat-db-private-rt","rtb-0f90368448ac42fdd","subnet-07fc0f779d1f6edb7","pb-uat-db-private-subnet-za","172.16.5.0/24","tgw-0cccd47a259444dcb"
"pb-uat-db-private-rt","rtb-0f90368448ac42fdd","subnet-07fc0f779d1f6edb7","pb-uat-db-private-subnet-za","10.10.0.0/16","tgw-0cccd47a259444dcb"
"pb-uat-db-private-rt","rtb-0f90368448ac42fdd","subnet-07fc0f779d1f6edb7","pb-uat-db-private-subnet-za","10.20.0.0/16","tgw-0cccd47a259444dcb"
"pb-uat-db-private-rt","rtb-0f90368448ac42fdd","subnet-07fc0f779d1f6edb7","pb-uat-db-private-subnet-za","10.70.0.0/16","tgw-0cccd47a259444dcb"
"pb-uat-db-private-rt","rtb-0f90368448ac42fdd","subnet-07fc0f779d1f6edb7","pb-uat-db-private-subnet-za","10.211.0.0/16","local"
"pb-uat-db-private-rt","rtb-0f90368448ac42fdd","subnet-03d6b0563c0fe9f00","pb-uat-db-private-subnet-zb","172.16.5.0/24","tgw-0cccd47a259444dcb"
"pb-uat-db-private-rt","rtb-0f90368448ac42fdd","subnet-03d6b0563c0fe9f00","pb-uat-db-private-subnet-zb","10.10.0.0/16","tgw-0cccd47a259444dcb"
"pb-uat-db-private-rt","rtb-0f90368448ac42fdd","subnet-03d6b0563c0fe9f00","pb-uat-db-private-subnet-zb","10.20.0.0/16","tgw-0cccd47a259444dcb"
"pb-uat-db-private-rt","rtb-0f90368448ac42fdd","subnet-03d6b0563c0fe9f00","pb-uat-db-private-subnet-zb","10.70.0.0/16","tgw-0cccd47a259444dcb"
"pb-uat-db-private-rt","rtb-0f90368448ac42fdd","subnet-03d6b0563c0fe9f00","pb-uat-db-private-subnet-zb","10.211.0.0/16","local"
"pb-preprod-db-private-rt","rtb-0c31f626b96f91236","subnet-05bac4351cd414c8b","pb-preprod-db-private-subnet-zc","172.16.5.0/24","tgw-0cccd47a259444dcb"
"pb-preprod-db-private-rt","rtb-0c31f626b96f91236","subnet-05bac4351cd414c8b","pb-preprod-db-private-subnet-zc","10.10.0.0/16","tgw-0cccd47a259444dcb"
"pb-preprod-db-private-rt","rtb-0c31f626b96f91236","subnet-05bac4351cd414c8b","pb-preprod-db-private-subnet-zc","10.20.0.0/16","tgw-0cccd47a259444dcb"
"pb-preprod-db-private-rt","rtb-0c31f626b96f91236","subnet-05bac4351cd414c8b","pb-preprod-db-private-subnet-zc","10.70.0.0/16","tgw-0cccd47a259444dcb"
"pb-preprod-db-private-rt","rtb-0c31f626b96f91236","subnet-05bac4351cd414c8b","pb-preprod-db-private-subnet-zc","10.211.0.0/16","local"
"pb-preprod-db-private-rt","rtb-0c31f626b96f91236","subnet-081d863b48eb78f45","pb-preprod-db-private-subnet-zb","172.16.5.0/24","tgw-0cccd47a259444dcb"
"pb-preprod-db-private-rt","rtb-0c31f626b96f91236","subnet-081d863b48eb78f45","pb-preprod-db-private-subnet-zb","10.10.0.0/16","tgw-0cccd47a259444dcb"
"pb-preprod-db-private-rt","rtb-0c31f626b96f91236","subnet-081d863b48eb78f45","pb-preprod-db-private-subnet-zb","10.20.0.0/16","tgw-0cccd47a259444dcb"
"pb-preprod-db-private-rt","rtb-0c31f626b96f91236","subnet-081d863b48eb78f45","pb-preprod-db-private-subnet-zb","10.70.0.0/16","tgw-0cccd47a259444dcb"
"pb-preprod-db-private-rt","rtb-0c31f626b96f91236","subnet-081d863b48eb78f45","pb-preprod-db-private-subnet-zb","10.211.0.0/16","local"
"pb-preprod-db-private-rt","rtb-0c31f626b96f91236","subnet-0573c71992be7f125","pb-preprod-db-private-subnet-za","172.16.5.0/24","tgw-0cccd47a259444dcb"
"pb-preprod-db-private-rt","rtb-0c31f626b96f91236","subnet-0573c71992be7f125","pb-preprod-db-private-subnet-za","10.10.0.0/16","tgw-0cccd47a259444dcb"
"pb-preprod-db-private-rt","rtb-0c31f626b96f91236","subnet-0573c71992be7f125","pb-preprod-db-private-subnet-za","10.20.0.0/16","tgw-0cccd47a259444dcb"
"pb-preprod-db-private-rt","rtb-0c31f626b96f91236","subnet-0573c71992be7f125","pb-preprod-db-private-subnet-za","10.70.0.0/16","tgw-0cccd47a259444dcb"
"pb-preprod-db-private-rt","rtb-0c31f626b96f91236","subnet-0573c71992be7f125","pb-preprod-db-private-subnet-za","10.211.0.0/16","local"
"uat-public-rt","rtb-08720f368d5e4a863","subnet-084d15a5adba981f9","uat-public-subnet-za","10.211.0.0/16","local"
"uat-public-rt","rtb-08720f368d5e4a863","subnet-084d15a5adba981f9","uat-public-subnet-za","0.0.0.0/0","igw-046136610aba47cd5"
"uat-public-rt","rtb-08720f368d5e4a863","subnet-0ba3b28aa33ef445e","uat-public-subnet-zb","10.211.0.0/16","local"
"uat-public-rt","rtb-08720f368d5e4a863","subnet-0ba3b28aa33ef445e","uat-public-subnet-zb","0.0.0.0/0","igw-046136610aba47cd5"
"preprod-public-rt","rtb-0bd38dc2ae4c3363f","subnet-04a4ff22e9ddc0cff","preprod-public-subnet-za","10.211.0.0/16","local"
"preprod-public-rt","rtb-0bd38dc2ae4c3363f","subnet-04a4ff22e9ddc0cff","preprod-public-subnet-za","0.0.0.0/0","igw-046136610aba47cd5"
"preprod-public-rt","rtb-0bd38dc2ae4c3363f","subnet-09e305a590fd6e2fd","preprod-public-subnet-zb","10.211.0.0/16","local"
"preprod-public-rt","rtb-0bd38dc2ae4c3363f","subnet-09e305a590fd6e2fd","preprod-public-subnet-zb","0.0.0.0/0","igw-046136610aba47cd5"
"network-tgw-rt-za","rtb-0df1dcf9701b1559b","subnet-0de467d30683045e7","network-tgw-private-subnet-za","10.212.0.0/23","local"
"network-tgw-rt-za","rtb-0df1dcf9701b1559b","subnet-0de467d30683045e7","network-tgw-private-subnet-za","0.0.0.0/0","vpce-0f9a4a492a415861d"
"pb-dev-app-private-rt","rtb-0fa968e6fa1e5d546","subnet-0387bbf378d368916","pb-dev-app-cluster-private-subnet-zb","172.16.5.0/24","tgw-0cccd47a259444dcb"
"pb-dev-app-private-rt","rtb-0fa968e6fa1e5d546","subnet-0387bbf378d368916","pb-dev-app-cluster-private-subnet-zb","10.10.0.0/16","tgw-0cccd47a259444dcb"
"pb-dev-app-private-rt","rtb-0fa968e6fa1e5d546","subnet-0387bbf378d368916","pb-dev-app-cluster-private-subnet-zb","10.20.0.0/16","tgw-0cccd47a259444dcb"
"pb-dev-app-private-rt","rtb-0fa968e6fa1e5d546","subnet-0387bbf378d368916","pb-dev-app-cluster-private-subnet-zb","10.70.0.0/16","tgw-0cccd47a259444dcb"
"pb-dev-app-private-rt","rtb-0fa968e6fa1e5d546","subnet-0387bbf378d368916","pb-dev-app-cluster-private-subnet-zb","10.210.0.0/16","tgw-0cccd47a259444dcb"
"pb-dev-app-private-rt","rtb-0fa968e6fa1e5d546","subnet-0387bbf378d368916","pb-dev-app-cluster-private-subnet-zb","10.211.0.0/16","local"
"pb-dev-app-private-rt","rtb-0fa968e6fa1e5d546","subnet-0387bbf378d368916","pb-dev-app-cluster-private-subnet-zb","0.0.0.0/0","tgw-0cccd47a259444dcb"
"pb-dev-app-private-rt","rtb-0fa968e6fa1e5d546","subnet-05322f942ba54fbf5","pb-dev-app-cluster-private-subnet-za","172.16.5.0/24","tgw-0cccd47a259444dcb"
"pb-dev-app-private-rt","rtb-0fa968e6fa1e5d546","subnet-05322f942ba54fbf5","pb-dev-app-cluster-private-subnet-za","10.10.0.0/16","tgw-0cccd47a259444dcb"
"pb-dev-app-private-rt","rtb-0fa968e6fa1e5d546","subnet-05322f942ba54fbf5","pb-dev-app-cluster-private-subnet-za","10.20.0.0/16","tgw-0cccd47a259444dcb"
"pb-dev-app-private-rt","rtb-0fa968e6fa1e5d546","subnet-05322f942ba54fbf5","pb-dev-app-cluster-private-subnet-za","10.70.0.0/16","tgw-0cccd47a259444dcb"
"pb-dev-app-private-rt","rtb-0fa968e6fa1e5d546","subnet-05322f942ba54fbf5","pb-dev-app-cluster-private-subnet-za","10.210.0.0/16","tgw-0cccd47a259444dcb"
"pb-dev-app-private-rt","rtb-0fa968e6fa1e5d546","subnet-05322f942ba54fbf5","pb-dev-app-cluster-private-subnet-za","10.211.0.0/16","local"
"pb-dev-app-private-rt","rtb-0fa968e6fa1e5d546","subnet-05322f942ba54fbf5","pb-dev-app-cluster-private-subnet-za","0.0.0.0/0","tgw-0cccd47a259444dcb"
"pb-dev-app-private-rt","rtb-0fa968e6fa1e5d546","subnet-009aa5aba519d1b0b","pb-dev-app-cluster-private-subnet-zc","172.16.5.0/24","tgw-0cccd47a259444dcb"
"pb-dev-app-private-rt","rtb-0fa968e6fa1e5d546","subnet-009aa5aba519d1b0b","pb-dev-app-cluster-private-subnet-zc","10.10.0.0/16","tgw-0cccd47a259444dcb"
"pb-dev-app-private-rt","rtb-0fa968e6fa1e5d546","subnet-009aa5aba519d1b0b","pb-dev-app-cluster-private-subnet-zc","10.20.0.0/16","tgw-0cccd47a259444dcb"
"pb-dev-app-private-rt","rtb-0fa968e6fa1e5d546","subnet-009aa5aba519d1b0b","pb-dev-app-cluster-private-subnet-zc","10.70.0.0/16","tgw-0cccd47a259444dcb"
"pb-dev-app-private-rt","rtb-0fa968e6fa1e5d546","subnet-009aa5aba519d1b0b","pb-dev-app-cluster-private-subnet-zc","10.210.0.0/16","tgw-0cccd47a259444dcb"
"pb-dev-app-private-rt","rtb-0fa968e6fa1e5d546","subnet-009aa5aba519d1b0b","pb-dev-app-cluster-private-subnet-zc","10.211.0.0/16","local"
"pb-dev-app-private-rt","rtb-0fa968e6fa1e5d546","subnet-009aa5aba519d1b0b","pb-dev-app-cluster-private-subnet-zc","0.0.0.0/0","tgw-0cccd47a259444dcb"
"pb-dev-app-private-rt","rtb-0fa968e6fa1e5d546","subnet-0fff38d7f0be89947","pb-dev-app-private-subnet-zc","172.16.5.0/24","tgw-0cccd47a259444dcb"
"pb-dev-app-private-rt","rtb-0fa968e6fa1e5d546","subnet-0fff38d7f0be89947","pb-dev-app-private-subnet-zc","10.10.0.0/16","tgw-0cccd47a259444dcb"
"pb-dev-app-private-rt","rtb-0fa968e6fa1e5d546","subnet-0fff38d7f0be89947","pb-dev-app-private-subnet-zc","10.20.0.0/16","tgw-0cccd47a259444dcb"
"pb-dev-app-private-rt","rtb-0fa968e6fa1e5d546","subnet-0fff38d7f0be89947","pb-dev-app-private-subnet-zc","10.70.0.0/16","tgw-0cccd47a259444dcb"
"pb-dev-app-private-rt","rtb-0fa968e6fa1e5d546","subnet-0fff38d7f0be89947","pb-dev-app-private-subnet-zc","10.210.0.0/16","tgw-0cccd47a259444dcb"
"pb-dev-app-private-rt","rtb-0fa968e6fa1e5d546","subnet-0fff38d7f0be89947","pb-dev-app-private-subnet-zc","10.211.0.0/16","local"
"pb-dev-app-private-rt","rtb-0fa968e6fa1e5d546","subnet-0fff38d7f0be89947","pb-dev-app-private-subnet-zc","0.0.0.0/0","tgw-0cccd47a259444dcb"
"pb-dev-app-private-rt","rtb-0fa968e6fa1e5d546","subnet-0885835095e83baba","pb-dev-app-private-subnet-za","172.16.5.0/24","tgw-0cccd47a259444dcb"
"pb-dev-app-private-rt","rtb-0fa968e6fa1e5d546","subnet-0885835095e83baba","pb-dev-app-private-subnet-za","10.10.0.0/16","tgw-0cccd47a259444dcb"
"pb-dev-app-private-rt","rtb-0fa968e6fa1e5d546","subnet-0885835095e83baba","pb-dev-app-private-subnet-za","10.20.0.0/16","tgw-0cccd47a259444dcb"
"pb-dev-app-private-rt","rtb-0fa968e6fa1e5d546","subnet-0885835095e83baba","pb-dev-app-private-subnet-za","10.70.0.0/16","tgw-0cccd47a259444dcb"
"pb-dev-app-private-rt","rtb-0fa968e6fa1e5d546","subnet-0885835095e83baba","pb-dev-app-private-subnet-za","10.210.0.0/16","tgw-0cccd47a259444dcb"
"pb-dev-app-private-rt","rtb-0fa968e6fa1e5d546","subnet-0885835095e83baba","pb-dev-app-private-subnet-za","10.211.0.0/16","local"
"pb-dev-app-private-rt","rtb-0fa968e6fa1e5d546","subnet-0885835095e83baba","pb-dev-app-private-subnet-za","0.0.0.0/0","tgw-0cccd47a259444dcb"
"pb-dev-app-private-rt","rtb-0fa968e6fa1e5d546","subnet-09cd0c52fa37f6f57","pb-dev-app-private-subnet-zb","172.16.5.0/24","tgw-0cccd47a259444dcb"
"pb-dev-app-private-rt","rtb-0fa968e6fa1e5d546","subnet-09cd0c52fa37f6f57","pb-dev-app-private-subnet-zb","10.10.0.0/16","tgw-0cccd47a259444dcb"
"pb-dev-app-private-rt","rtb-0fa968e6fa1e5d546","subnet-09cd0c52fa37f6f57","pb-dev-app-private-subnet-zb","10.20.0.0/16","tgw-0cccd47a259444dcb"
"pb-dev-app-private-rt","rtb-0fa968e6fa1e5d546","subnet-09cd0c52fa37f6f57","pb-dev-app-private-subnet-zb","10.70.0.0/16","tgw-0cccd47a259444dcb"
"pb-dev-app-private-rt","rtb-0fa968e6fa1e5d546","subnet-09cd0c52fa37f6f57","pb-dev-app-private-subnet-zb","10.210.0.0/16","tgw-0cccd47a259444dcb"
"pb-dev-app-private-rt","rtb-0fa968e6fa1e5d546","subnet-09cd0c52fa37f6f57","pb-dev-app-private-subnet-zb","10.211.0.0/16","local"
"pb-dev-app-private-rt","rtb-0fa968e6fa1e5d546","subnet-09cd0c52fa37f6f57","pb-dev-app-private-subnet-zb","0.0.0.0/0","tgw-0cccd47a259444dcb"
"network-r53-rt","rtb-01b9e745f29a5f6f6","subnet-0a7f697e3868e978e","network-r53-private-subnet-za","172.16.5.0/24","tgw-0cccd47a259444dcb"
"network-r53-rt","rtb-01b9e745f29a5f6f6","subnet-0a7f697e3868e978e","network-r53-private-subnet-za","10.212.0.0/23","local"
"network-r53-rt","rtb-01b9e745f29a5f6f6","subnet-0a7f697e3868e978e","network-r53-private-subnet-za","10.10.0.0/16","tgw-0cccd47a259444dcb"
"network-r53-rt","rtb-01b9e745f29a5f6f6","subnet-0a7f697e3868e978e","network-r53-private-subnet-za","10.20.0.0/16","tgw-0cccd47a259444dcb"
"network-r53-rt","rtb-01b9e745f29a5f6f6","subnet-0a7f697e3868e978e","network-r53-private-subnet-za","10.70.0.0/16","tgw-0cccd47a259444dcb"
"network-r53-rt","rtb-01b9e745f29a5f6f6","subnet-0d614eda0794d9ab5","network-r53-private-subnet-zb","172.16.5.0/24","tgw-0cccd47a259444dcb"
"network-r53-rt","rtb-01b9e745f29a5f6f6","subnet-0d614eda0794d9ab5","network-r53-private-subnet-zb","10.212.0.0/23","local"
"network-r53-rt","rtb-01b9e745f29a5f6f6","subnet-0d614eda0794d9ab5","network-r53-private-subnet-zb","10.10.0.0/16","tgw-0cccd47a259444dcb"
"network-r53-rt","rtb-01b9e745f29a5f6f6","subnet-0d614eda0794d9ab5","network-r53-private-subnet-zb","10.20.0.0/16","tgw-0cccd47a259444dcb"
"network-r53-rt","rtb-01b9e745f29a5f6f6","subnet-0d614eda0794d9ab5","network-r53-private-subnet-zb","10.70.0.0/16","tgw-0cccd47a259444dcb"
"pa-uat-app-private-rt","rtb-08426d5e9afc954c4","subnet-0f77ec794352f97ae","pa-uat-app-cluster-private-subnet-zc","172.16.5.0/24","tgw-0cccd47a259444dcb"
"pa-uat-app-private-rt","rtb-08426d5e9afc954c4","subnet-0f77ec794352f97ae","pa-uat-app-cluster-private-subnet-zc","10.10.0.0/16","tgw-0cccd47a259444dcb"
"pa-uat-app-private-rt","rtb-08426d5e9afc954c4","subnet-0f77ec794352f97ae","pa-uat-app-cluster-private-subnet-zc","10.20.0.0/16","tgw-0cccd47a259444dcb"
"pa-uat-app-private-rt","rtb-08426d5e9afc954c4","subnet-0f77ec794352f97ae","pa-uat-app-cluster-private-subnet-zc","10.70.0.0/16","tgw-0cccd47a259444dcb"
"pa-uat-app-private-rt","rtb-08426d5e9afc954c4","subnet-0f77ec794352f97ae","pa-uat-app-cluster-private-subnet-zc","10.210.0.0/16","tgw-0cccd47a259444dcb"
"pa-uat-app-private-rt","rtb-08426d5e9afc954c4","subnet-0f77ec794352f97ae","pa-uat-app-cluster-private-subnet-zc","10.211.0.0/16","local"
"pa-uat-app-private-rt","rtb-08426d5e9afc954c4","subnet-0f77ec794352f97ae","pa-uat-app-cluster-private-subnet-zc","0.0.0.0/0","tgw-0cccd47a259444dcb"
"pa-uat-app-private-rt","rtb-08426d5e9afc954c4","subnet-06ff0bc843d92b60b","pa-uat-app-cluster-private-subnet-zb","172.16.5.0/24","tgw-0cccd47a259444dcb"
"pa-uat-app-private-rt","rtb-08426d5e9afc954c4","subnet-06ff0bc843d92b60b","pa-uat-app-cluster-private-subnet-zb","10.10.0.0/16","tgw-0cccd47a259444dcb"
"pa-uat-app-private-rt","rtb-08426d5e9afc954c4","subnet-06ff0bc843d92b60b","pa-uat-app-cluster-private-subnet-zb","10.20.0.0/16","tgw-0cccd47a259444dcb"
"pa-uat-app-private-rt","rtb-08426d5e9afc954c4","subnet-06ff0bc843d92b60b","pa-uat-app-cluster-private-subnet-zb","10.70.0.0/16","tgw-0cccd47a259444dcb"
"pa-uat-app-private-rt","rtb-08426d5e9afc954c4","subnet-06ff0bc843d92b60b","pa-uat-app-cluster-private-subnet-zb","10.210.0.0/16","tgw-0cccd47a259444dcb"
"pa-uat-app-private-rt","rtb-08426d5e9afc954c4","subnet-06ff0bc843d92b60b","pa-uat-app-cluster-private-subnet-zb","10.211.0.0/16","local"
"pa-uat-app-private-rt","rtb-08426d5e9afc954c4","subnet-06ff0bc843d92b60b","pa-uat-app-cluster-private-subnet-zb","0.0.0.0/0","tgw-0cccd47a259444dcb"
"pa-uat-app-private-rt","rtb-08426d5e9afc954c4","subnet-02cc64acb1576658e","pa-uat-app-private-subnet-za","172.16.5.0/24","tgw-0cccd47a259444dcb"
"pa-uat-app-private-rt","rtb-08426d5e9afc954c4","subnet-02cc64acb1576658e","pa-uat-app-private-subnet-za","10.10.0.0/16","tgw-0cccd47a259444dcb"
"pa-uat-app-private-rt","rtb-08426d5e9afc954c4","subnet-02cc64acb1576658e","pa-uat-app-private-subnet-za","10.20.0.0/16","tgw-0cccd47a259444dcb"
"pa-uat-app-private-rt","rtb-08426d5e9afc954c4","subnet-02cc64acb1576658e","pa-uat-app-private-subnet-za","10.70.0.0/16","tgw-0cccd47a259444dcb"
"pa-uat-app-private-rt","rtb-08426d5e9afc954c4","subnet-02cc64acb1576658e","pa-uat-app-private-subnet-za","10.210.0.0/16","tgw-0cccd47a259444dcb"
"pa-uat-app-private-rt","rtb-08426d5e9afc954c4","subnet-02cc64acb1576658e","pa-uat-app-private-subnet-za","10.211.0.0/16","local"
"pa-uat-app-private-rt","rtb-08426d5e9afc954c4","subnet-02cc64acb1576658e","pa-uat-app-private-subnet-za","0.0.0.0/0","tgw-0cccd47a259444dcb"
"pa-uat-app-private-rt","rtb-08426d5e9afc954c4","subnet-064cc3ec6b446b0ea","pa-uat-app-private-subnet-zb","172.16.5.0/24","tgw-0cccd47a259444dcb"
"pa-uat-app-private-rt","rtb-08426d5e9afc954c4","subnet-064cc3ec6b446b0ea","pa-uat-app-private-subnet-zb","10.10.0.0/16","tgw-0cccd47a259444dcb"
"pa-uat-app-private-rt","rtb-08426d5e9afc954c4","subnet-064cc3ec6b446b0ea","pa-uat-app-private-subnet-zb","10.20.0.0/16","tgw-0cccd47a259444dcb"
"pa-uat-app-private-rt","rtb-08426d5e9afc954c4","subnet-064cc3ec6b446b0ea","pa-uat-app-private-subnet-zb","10.70.0.0/16","tgw-0cccd47a259444dcb"
"pa-uat-app-private-rt","rtb-08426d5e9afc954c4","subnet-064cc3ec6b446b0ea","pa-uat-app-private-subnet-zb","10.210.0.0/16","tgw-0cccd47a259444dcb"
"pa-uat-app-private-rt","rtb-08426d5e9afc954c4","subnet-064cc3ec6b446b0ea","pa-uat-app-private-subnet-zb","10.211.0.0/16","local"
"pa-uat-app-private-rt","rtb-08426d5e9afc954c4","subnet-064cc3ec6b446b0ea","pa-uat-app-private-subnet-zb","0.0.0.0/0","tgw-0cccd47a259444dcb"
"pa-uat-app-private-rt","rtb-08426d5e9afc954c4","subnet-0b706cfe2028e855c","pa-uat-app-cluster-private-subnet-za","172.16.5.0/24","tgw-0cccd47a259444dcb"
"pa-uat-app-private-rt","rtb-08426d5e9afc954c4","subnet-0b706cfe2028e855c","pa-uat-app-cluster-private-subnet-za","10.10.0.0/16","tgw-0cccd47a259444dcb"
"pa-uat-app-private-rt","rtb-08426d5e9afc954c4","subnet-0b706cfe2028e855c","pa-uat-app-cluster-private-subnet-za","10.20.0.0/16","tgw-0cccd47a259444dcb"
"pa-uat-app-private-rt","rtb-08426d5e9afc954c4","subnet-0b706cfe2028e855c","pa-uat-app-cluster-private-subnet-za","10.70.0.0/16","tgw-0cccd47a259444dcb"
"pa-uat-app-private-rt","rtb-08426d5e9afc954c4","subnet-0b706cfe2028e855c","pa-uat-app-cluster-private-subnet-za","10.210.0.0/16","tgw-0cccd47a259444dcb"
"pa-uat-app-private-rt","rtb-08426d5e9afc954c4","subnet-0b706cfe2028e855c","pa-uat-app-cluster-private-subnet-za","10.211.0.0/16","local"
"pa-uat-app-private-rt","rtb-08426d5e9afc954c4","subnet-0b706cfe2028e855c","pa-uat-app-cluster-private-subnet-za","0.0.0.0/0","tgw-0cccd47a259444dcb"
"pa-uat-app-private-rt","rtb-08426d5e9afc954c4","subnet-0e9c719d09cda5de6","pa-uat-app-private-subnet-zc","172.16.5.0/24","tgw-0cccd47a259444dcb"
"pa-uat-app-private-rt","rtb-08426d5e9afc954c4","subnet-0e9c719d09cda5de6","pa-uat-app-private-subnet-zc","10.10.0.0/16","tgw-0cccd47a259444dcb"
"pa-uat-app-private-rt","rtb-08426d5e9afc954c4","subnet-0e9c719d09cda5de6","pa-uat-app-private-subnet-zc","10.20.0.0/16","tgw-0cccd47a259444dcb"
"pa-uat-app-private-rt","rtb-08426d5e9afc954c4","subnet-0e9c719d09cda5de6","pa-uat-app-private-subnet-zc","10.70.0.0/16","tgw-0cccd47a259444dcb"
"pa-uat-app-private-rt","rtb-08426d5e9afc954c4","subnet-0e9c719d09cda5de6","pa-uat-app-private-subnet-zc","10.210.0.0/16","tgw-0cccd47a259444dcb"
"pa-uat-app-private-rt","rtb-08426d5e9afc954c4","subnet-0e9c719d09cda5de6","pa-uat-app-private-subnet-zc","10.211.0.0/16","local"
"pa-uat-app-private-rt","rtb-08426d5e9afc954c4","subnet-0e9c719d09cda5de6","pa-uat-app-private-subnet-zc","0.0.0.0/0","tgw-0cccd47a259444dcb"
"demo-website-rtb","rtb-0be81ff876e586dbb","subnet-0d5c7f728a9a1e8c7","ec2-subnet-zonea","10.116.0.0/20","vgw-047200836497df8b4"
"demo-website-rtb","rtb-0be81ff876e586dbb","subnet-0d5c7f728a9a1e8c7","ec2-subnet-zonea","172.16.0.0/16","local"
"demo-website-rtb","rtb-0be81ff876e586dbb","subnet-0d5c7f728a9a1e8c7","ec2-subnet-zonea","0.0.0.0/0","igw-007bbbd90b6d257c0"
"demo-website-rtb","rtb-0be81ff876e586dbb","subnet-04a1f5989dd192357","ec2-subnet-zoneb","10.116.0.0/20","vgw-047200836497df8b4"
"demo-website-rtb","rtb-0be81ff876e586dbb","subnet-04a1f5989dd192357","ec2-subnet-zoneb","172.16.0.0/16","local"
"demo-website-rtb","rtb-0be81ff876e586dbb","subnet-04a1f5989dd192357","ec2-subnet-zoneb","0.0.0.0/0","igw-007bbbd90b6d257c0"
"demo-website-rtb","rtb-0be81ff876e586dbb","subnet-04749e99df0426fdc","rds-subnet-zoneb","10.116.0.0/20","vgw-047200836497df8b4"
"demo-website-rtb","rtb-0be81ff876e586dbb","subnet-04749e99df0426fdc","rds-subnet-zoneb","172.16.0.0/16","local"
"demo-website-rtb","rtb-0be81ff876e586dbb","subnet-04749e99df0426fdc","rds-subnet-zoneb","0.0.0.0/0","igw-007bbbd90b6d257c0"
"demo-website-rtb","rtb-0be81ff876e586dbb","subnet-0ca66a668753dd33e","rds-subnet-zonea","10.116.0.0/20","vgw-047200836497df8b4"
"demo-website-rtb","rtb-0be81ff876e586dbb","subnet-0ca66a668753dd33e","rds-subnet-zonea","172.16.0.0/16","local"
"demo-website-rtb","rtb-0be81ff876e586dbb","subnet-0ca66a668753dd33e","rds-subnet-zonea","0.0.0.0/0","igw-007bbbd90b6d257c0"
"pa-prod-db-private-rt","rtb-03a72f581adeb1d68","subnet-0ab15f607c9be3985","pa-prod-db-private-subnet-zc","172.16.5.0/24","tgw-0cccd47a259444dcb"
"pa-prod-db-private-rt","rtb-03a72f581adeb1d68","subnet-0ab15f607c9be3985","pa-prod-db-private-subnet-zc","10.10.0.0/16","tgw-0cccd47a259444dcb"
"pa-prod-db-private-rt","rtb-03a72f581adeb1d68","subnet-0ab15f607c9be3985","pa-prod-db-private-subnet-zc","10.20.0.0/16","tgw-0cccd47a259444dcb"
"pa-prod-db-private-rt","rtb-03a72f581adeb1d68","subnet-0ab15f607c9be3985","pa-prod-db-private-subnet-zc","10.70.0.0/16","tgw-0cccd47a259444dcb"
"pa-prod-db-private-rt","rtb-03a72f581adeb1d68","subnet-0ab15f607c9be3985","pa-prod-db-private-subnet-zc","10.210.0.0/16","local"
"pa-prod-db-private-rt","rtb-03a72f581adeb1d68","subnet-02e0483c09e790be5","pa-prod-db-private-subnet-zb","172.16.5.0/24","tgw-0cccd47a259444dcb"
"pa-prod-db-private-rt","rtb-03a72f581adeb1d68","subnet-02e0483c09e790be5","pa-prod-db-private-subnet-zb","10.10.0.0/16","tgw-0cccd47a259444dcb"
"pa-prod-db-private-rt","rtb-03a72f581adeb1d68","subnet-02e0483c09e790be5","pa-prod-db-private-subnet-zb","10.20.0.0/16","tgw-0cccd47a259444dcb"
"pa-prod-db-private-rt","rtb-03a72f581adeb1d68","subnet-02e0483c09e790be5","pa-prod-db-private-subnet-zb","10.70.0.0/16","tgw-0cccd47a259444dcb"
"pa-prod-db-private-rt","rtb-03a72f581adeb1d68","subnet-02e0483c09e790be5","pa-prod-db-private-subnet-zb","10.210.0.0/16","local"
"pa-prod-db-private-rt","rtb-03a72f581adeb1d68","subnet-06fda119faf031e67","pa-prod-db-private-subnet-za","172.16.5.0/24","tgw-0cccd47a259444dcb"
"pa-prod-db-private-rt","rtb-03a72f581adeb1d68","subnet-06fda119faf031e67","pa-prod-db-private-subnet-za","10.10.0.0/16","tgw-0cccd47a259444dcb"
"pa-prod-db-private-rt","rtb-03a72f581adeb1d68","subnet-06fda119faf031e67","pa-prod-db-private-subnet-za","10.20.0.0/16","tgw-0cccd47a259444dcb"
"pa-prod-db-private-rt","rtb-03a72f581adeb1d68","subnet-06fda119faf031e67","pa-prod-db-private-subnet-za","10.70.0.0/16","tgw-0cccd47a259444dcb"
"pa-prod-db-private-rt","rtb-03a72f581adeb1d68","subnet-06fda119faf031e67","pa-prod-db-private-subnet-za","10.210.0.0/16","local"
"pa-preprod-db-private-rt","rtb-0f31c553a557c6a14","subnet-0f4936f6f9ff66683","pa-preprod-db-private-subnet-zb","172.16.5.0/24","tgw-0cccd47a259444dcb"
"pa-preprod-db-private-rt","rtb-0f31c553a557c6a14","subnet-0f4936f6f9ff66683","pa-preprod-db-private-subnet-zb","10.10.0.0/16","tgw-0cccd47a259444dcb"
"pa-preprod-db-private-rt","rtb-0f31c553a557c6a14","subnet-0f4936f6f9ff66683","pa-preprod-db-private-subnet-zb","10.20.0.0/16","tgw-0cccd47a259444dcb"
"pa-preprod-db-private-rt","rtb-0f31c553a557c6a14","subnet-0f4936f6f9ff66683","pa-preprod-db-private-subnet-zb","10.70.0.0/16","tgw-0cccd47a259444dcb"
"pa-preprod-db-private-rt","rtb-0f31c553a557c6a14","subnet-0f4936f6f9ff66683","pa-preprod-db-private-subnet-zb","10.211.0.0/16","local"
"pa-preprod-db-private-rt","rtb-0f31c553a557c6a14","subnet-0f87937fb91f2795c","pa-preprod-db-private-subnet-za","172.16.5.0/24","tgw-0cccd47a259444dcb"
"pa-preprod-db-private-rt","rtb-0f31c553a557c6a14","subnet-0f87937fb91f2795c","pa-preprod-db-private-subnet-za","10.10.0.0/16","tgw-0cccd47a259444dcb"
"pa-preprod-db-private-rt","rtb-0f31c553a557c6a14","subnet-0f87937fb91f2795c","pa-preprod-db-private-subnet-za","10.20.0.0/16","tgw-0cccd47a259444dcb"
"pa-preprod-db-private-rt","rtb-0f31c553a557c6a14","subnet-0f87937fb91f2795c","pa-preprod-db-private-subnet-za","10.70.0.0/16","tgw-0cccd47a259444dcb"
"pa-preprod-db-private-rt","rtb-0f31c553a557c6a14","subnet-0f87937fb91f2795c","pa-preprod-db-private-subnet-za","10.211.0.0/16","local"
"pa-preprod-db-private-rt","rtb-0f31c553a557c6a14","subnet-0713eb8de7f5ba6ff","pa-preprod-db-private-subnet-zc","172.16.5.0/24","tgw-0cccd47a259444dcb"
"pa-preprod-db-private-rt","rtb-0f31c553a557c6a14","subnet-0713eb8de7f5ba6ff","pa-preprod-db-private-subnet-zc","10.10.0.0/16","tgw-0cccd47a259444dcb"
"pa-preprod-db-private-rt","rtb-0f31c553a557c6a14","subnet-0713eb8de7f5ba6ff","pa-preprod-db-private-subnet-zc","10.20.0.0/16","tgw-0cccd47a259444dcb"
"pa-preprod-db-private-rt","rtb-0f31c553a557c6a14","subnet-0713eb8de7f5ba6ff","pa-preprod-db-private-subnet-zc","10.70.0.0/16","tgw-0cccd47a259444dcb"
"pa-preprod-db-private-rt","rtb-0f31c553a557c6a14","subnet-0713eb8de7f5ba6ff","pa-preprod-db-private-subnet-zc","10.211.0.0/16","local"
"pb-prod-db-private-rt","rtb-019e1af211220e6ee","subnet-04f7537b5aa2442e6","pb-prod-db-private-subnet-za","172.16.5.0/24","tgw-0cccd47a259444dcb"
"pb-prod-db-private-rt","rtb-019e1af211220e6ee","subnet-04f7537b5aa2442e6","pb-prod-db-private-subnet-za","10.10.0.0/16","tgw-0cccd47a259444dcb"
"pb-prod-db-private-rt","rtb-019e1af211220e6ee","subnet-04f7537b5aa2442e6","pb-prod-db-private-subnet-za","10.20.0.0/16","tgw-0cccd47a259444dcb"
"pb-prod-db-private-rt","rtb-019e1af211220e6ee","subnet-04f7537b5aa2442e6","pb-prod-db-private-subnet-za","10.70.0.0/16","tgw-0cccd47a259444dcb"
"pb-prod-db-private-rt","rtb-019e1af211220e6ee","subnet-04f7537b5aa2442e6","pb-prod-db-private-subnet-za","10.210.0.0/16","local"
"pb-prod-db-private-rt","rtb-019e1af211220e6ee","subnet-093e64162c3d7e907","pb-prod-db-private-subnet-zc","172.16.5.0/24","tgw-0cccd47a259444dcb"
"pb-prod-db-private-rt","rtb-019e1af211220e6ee","subnet-093e64162c3d7e907","pb-prod-db-private-subnet-zc","10.10.0.0/16","tgw-0cccd47a259444dcb"
"pb-prod-db-private-rt","rtb-019e1af211220e6ee","subnet-093e64162c3d7e907","pb-prod-db-private-subnet-zc","10.20.0.0/16","tgw-0cccd47a259444dcb"
"pb-prod-db-private-rt","rtb-019e1af211220e6ee","subnet-093e64162c3d7e907","pb-prod-db-private-subnet-zc","10.70.0.0/16","tgw-0cccd47a259444dcb"
"pb-prod-db-private-rt","rtb-019e1af211220e6ee","subnet-093e64162c3d7e907","pb-prod-db-private-subnet-zc","10.210.0.0/16","local"
"pb-prod-db-private-rt","rtb-019e1af211220e6ee","subnet-0485095c993dd172a","pb-prod-db-private-subnet-zb","172.16.5.0/24","tgw-0cccd47a259444dcb"
"pb-prod-db-private-rt","rtb-019e1af211220e6ee","subnet-0485095c993dd172a","pb-prod-db-private-subnet-zb","10.10.0.0/16","tgw-0cccd47a259444dcb"
"pb-prod-db-private-rt","rtb-019e1af211220e6ee","subnet-0485095c993dd172a","pb-prod-db-private-subnet-zb","10.20.0.0/16","tgw-0cccd47a259444dcb"
"pb-prod-db-private-rt","rtb-019e1af211220e6ee","subnet-0485095c993dd172a","pb-prod-db-private-subnet-zb","10.70.0.0/16","tgw-0cccd47a259444dcb"
"pb-prod-db-private-rt","rtb-019e1af211220e6ee","subnet-0485095c993dd172a","pb-prod-db-private-subnet-zb","10.210.0.0/16","local"
"network-fw-data-rt","rtb-0db746b8221416371","subnet-005e220aeac05bc5b","network-fw-data-private-subnet-zb","10.212.0.0/23","local"
"network-fw-data-rt","rtb-0db746b8221416371","subnet-000fc6782b03db616","network-fw-data-private-subnet-za","10.212.0.0/23","local"
"pa-prod-app-private-rt","rtb-02663891aabc7d6d3","subnet-0c1d32c31cc721727","pa-prod-app-cluster-private-subnet-za","172.16.5.0/24","tgw-0cccd47a259444dcb"
"pa-prod-app-private-rt","rtb-02663891aabc7d6d3","subnet-0c1d32c31cc721727","pa-prod-app-cluster-private-subnet-za","10.10.0.0/16","tgw-0cccd47a259444dcb"
"pa-prod-app-private-rt","rtb-02663891aabc7d6d3","subnet-0c1d32c31cc721727","pa-prod-app-cluster-private-subnet-za","10.20.0.0/16","tgw-0cccd47a259444dcb"
"pa-prod-app-private-rt","rtb-02663891aabc7d6d3","subnet-0c1d32c31cc721727","pa-prod-app-cluster-private-subnet-za","10.70.0.0/16","tgw-0cccd47a259444dcb"
"pa-prod-app-private-rt","rtb-02663891aabc7d6d3","subnet-0c1d32c31cc721727","pa-prod-app-cluster-private-subnet-za","10.210.0.0/16","local"
"pa-prod-app-private-rt","rtb-02663891aabc7d6d3","subnet-0c1d32c31cc721727","pa-prod-app-cluster-private-subnet-za","10.211.0.0/16","tgw-0cccd47a259444dcb"
"pa-prod-app-private-rt","rtb-02663891aabc7d6d3","subnet-0c1d32c31cc721727","pa-prod-app-cluster-private-subnet-za","0.0.0.0/0","tgw-0cccd47a259444dcb"
"pa-prod-app-private-rt","rtb-02663891aabc7d6d3","subnet-0cacde09c037a3dfc","pa-prod-app-cluster-private-subnet-zb","172.16.5.0/24","tgw-0cccd47a259444dcb"
"pa-prod-app-private-rt","rtb-02663891aabc7d6d3","subnet-0cacde09c037a3dfc","pa-prod-app-cluster-private-subnet-zb","10.10.0.0/16","tgw-0cccd47a259444dcb"
"pa-prod-app-private-rt","rtb-02663891aabc7d6d3","subnet-0cacde09c037a3dfc","pa-prod-app-cluster-private-subnet-zb","10.20.0.0/16","tgw-0cccd47a259444dcb"
"pa-prod-app-private-rt","rtb-02663891aabc7d6d3","subnet-0cacde09c037a3dfc","pa-prod-app-cluster-private-subnet-zb","10.70.0.0/16","tgw-0cccd47a259444dcb"
"pa-prod-app-private-rt","rtb-02663891aabc7d6d3","subnet-0cacde09c037a3dfc","pa-prod-app-cluster-private-subnet-zb","10.210.0.0/16","local"
"pa-prod-app-private-rt","rtb-02663891aabc7d6d3","subnet-0cacde09c037a3dfc","pa-prod-app-cluster-private-subnet-zb","10.211.0.0/16","tgw-0cccd47a259444dcb"
"pa-prod-app-private-rt","rtb-02663891aabc7d6d3","subnet-0cacde09c037a3dfc","pa-prod-app-cluster-private-subnet-zb","0.0.0.0/0","tgw-0cccd47a259444dcb"
"pa-prod-app-private-rt","rtb-02663891aabc7d6d3","subnet-0c20d5e18b4849cfb","pa-prod-app-private-subnet-za","172.16.5.0/24","tgw-0cccd47a259444dcb"
"pa-prod-app-private-rt","rtb-02663891aabc7d6d3","subnet-0c20d5e18b4849cfb","pa-prod-app-private-subnet-za","10.10.0.0/16","tgw-0cccd47a259444dcb"
"pa-prod-app-private-rt","rtb-02663891aabc7d6d3","subnet-0c20d5e18b4849cfb","pa-prod-app-private-subnet-za","10.20.0.0/16","tgw-0cccd47a259444dcb"
"pa-prod-app-private-rt","rtb-02663891aabc7d6d3","subnet-0c20d5e18b4849cfb","pa-prod-app-private-subnet-za","10.70.0.0/16","tgw-0cccd47a259444dcb"
"pa-prod-app-private-rt","rtb-02663891aabc7d6d3","subnet-0c20d5e18b4849cfb","pa-prod-app-private-subnet-za","10.210.0.0/16","local"
"pa-prod-app-private-rt","rtb-02663891aabc7d6d3","subnet-0c20d5e18b4849cfb","pa-prod-app-private-subnet-za","10.211.0.0/16","tgw-0cccd47a259444dcb"
"pa-prod-app-private-rt","rtb-02663891aabc7d6d3","subnet-0c20d5e18b4849cfb","pa-prod-app-private-subnet-za","0.0.0.0/0","tgw-0cccd47a259444dcb"
"pa-prod-app-private-rt","rtb-02663891aabc7d6d3","subnet-028b4ba1fbb81aa14","pa-prod-app-private-subnet-zb","172.16.5.0/24","tgw-0cccd47a259444dcb"
"pa-prod-app-private-rt","rtb-02663891aabc7d6d3","subnet-028b4ba1fbb81aa14","pa-prod-app-private-subnet-zb","10.10.0.0/16","tgw-0cccd47a259444dcb"
"pa-prod-app-private-rt","rtb-02663891aabc7d6d3","subnet-028b4ba1fbb81aa14","pa-prod-app-private-subnet-zb","10.20.0.0/16","tgw-0cccd47a259444dcb"
"pa-prod-app-private-rt","rtb-02663891aabc7d6d3","subnet-028b4ba1fbb81aa14","pa-prod-app-private-subnet-zb","10.70.0.0/16","tgw-0cccd47a259444dcb"
"pa-prod-app-private-rt","rtb-02663891aabc7d6d3","subnet-028b4ba1fbb81aa14","pa-prod-app-private-subnet-zb","10.210.0.0/16","local"
"pa-prod-app-private-rt","rtb-02663891aabc7d6d3","subnet-028b4ba1fbb81aa14","pa-prod-app-private-subnet-zb","10.211.0.0/16","tgw-0cccd47a259444dcb"
"pa-prod-app-private-rt","rtb-02663891aabc7d6d3","subnet-028b4ba1fbb81aa14","pa-prod-app-private-subnet-zb","0.0.0.0/0","tgw-0cccd47a259444dcb"
"pa-prod-app-private-rt","rtb-02663891aabc7d6d3","subnet-0b68b5672dfeb7e33","pa-prod-app-private-subnet-zc","172.16.5.0/24","tgw-0cccd47a259444dcb"
"pa-prod-app-private-rt","rtb-02663891aabc7d6d3","subnet-0b68b5672dfeb7e33","pa-prod-app-private-subnet-zc","10.10.0.0/16","tgw-0cccd47a259444dcb"
"pa-prod-app-private-rt","rtb-02663891aabc7d6d3","subnet-0b68b5672dfeb7e33","pa-prod-app-private-subnet-zc","10.20.0.0/16","tgw-0cccd47a259444dcb"
"pa-prod-app-private-rt","rtb-02663891aabc7d6d3","subnet-0b68b5672dfeb7e33","pa-prod-app-private-subnet-zc","10.70.0.0/16","tgw-0cccd47a259444dcb"
"pa-prod-app-private-rt","rtb-02663891aabc7d6d3","subnet-0b68b5672dfeb7e33","pa-prod-app-private-subnet-zc","10.210.0.0/16","local"
"pa-prod-app-private-rt","rtb-02663891aabc7d6d3","subnet-0b68b5672dfeb7e33","pa-prod-app-private-subnet-zc","10.211.0.0/16","tgw-0cccd47a259444dcb"
"pa-prod-app-private-rt","rtb-02663891aabc7d6d3","subnet-0b68b5672dfeb7e33","pa-prod-app-private-subnet-zc","0.0.0.0/0","tgw-0cccd47a259444dcb"
"pa-prod-app-private-rt","rtb-02663891aabc7d6d3","subnet-01c531775526bcbca","pa-prod-app-cluster-private-subnet-zc","172.16.5.0/24","tgw-0cccd47a259444dcb"
"pa-prod-app-private-rt","rtb-02663891aabc7d6d3","subnet-01c531775526bcbca","pa-prod-app-cluster-private-subnet-zc","10.10.0.0/16","tgw-0cccd47a259444dcb"
"pa-prod-app-private-rt","rtb-02663891aabc7d6d3","subnet-01c531775526bcbca","pa-prod-app-cluster-private-subnet-zc","10.20.0.0/16","tgw-0cccd47a259444dcb"
"pa-prod-app-private-rt","rtb-02663891aabc7d6d3","subnet-01c531775526bcbca","pa-prod-app-cluster-private-subnet-zc","10.70.0.0/16","tgw-0cccd47a259444dcb"
"pa-prod-app-private-rt","rtb-02663891aabc7d6d3","subnet-01c531775526bcbca","pa-prod-app-cluster-private-subnet-zc","10.210.0.0/16","local"
"pa-prod-app-private-rt","rtb-02663891aabc7d6d3","subnet-01c531775526bcbca","pa-prod-app-cluster-private-subnet-zc","10.211.0.0/16","tgw-0cccd47a259444dcb"
"pa-prod-app-private-rt","rtb-02663891aabc7d6d3","subnet-01c531775526bcbca","pa-prod-app-cluster-private-subnet-zc","0.0.0.0/0","tgw-0cccd47a259444dcb"
"network-gwlbe-rt","rtb-02b2599bc73d5af0c","subnet-07c0a39e5ea56deed","network-gwlbe-private-subnet-za","172.16.5.0/24","tgw-0cccd47a259444dcb"
"network-gwlbe-rt","rtb-02b2599bc73d5af0c","subnet-07c0a39e5ea56deed","network-gwlbe-private-subnet-za","10.212.0.0/23","local"
"network-gwlbe-rt","rtb-02b2599bc73d5af0c","subnet-07c0a39e5ea56deed","network-gwlbe-private-subnet-za","10.10.0.0/16","tgw-0cccd47a259444dcb"
"network-gwlbe-rt","rtb-02b2599bc73d5af0c","subnet-07c0a39e5ea56deed","network-gwlbe-private-subnet-za","10.20.0.0/16","tgw-0cccd47a259444dcb"
"network-gwlbe-rt","rtb-02b2599bc73d5af0c","subnet-07c0a39e5ea56deed","network-gwlbe-private-subnet-za","10.70.0.0/16","tgw-0cccd47a259444dcb"
"network-gwlbe-rt","rtb-02b2599bc73d5af0c","subnet-07c0a39e5ea56deed","network-gwlbe-private-subnet-za","10.210.0.0/16","tgw-0cccd47a259444dcb"
"network-gwlbe-rt","rtb-02b2599bc73d5af0c","subnet-07c0a39e5ea56deed","network-gwlbe-private-subnet-za","10.211.0.0/16","tgw-0cccd47a259444dcb"
"network-gwlbe-rt","rtb-02b2599bc73d5af0c","subnet-04e8ed2c0320688ac","network-gwlbe-private-subnet-zb","172.16.5.0/24","tgw-0cccd47a259444dcb"
"network-gwlbe-rt","rtb-02b2599bc73d5af0c","subnet-04e8ed2c0320688ac","network-gwlbe-private-subnet-zb","10.212.0.0/23","local"
"network-gwlbe-rt","rtb-02b2599bc73d5af0c","subnet-04e8ed2c0320688ac","network-gwlbe-private-subnet-zb","10.10.0.0/16","tgw-0cccd47a259444dcb"
"network-gwlbe-rt","rtb-02b2599bc73d5af0c","subnet-04e8ed2c0320688ac","network-gwlbe-private-subnet-zb","10.20.0.0/16","tgw-0cccd47a259444dcb"
"network-gwlbe-rt","rtb-02b2599bc73d5af0c","subnet-04e8ed2c0320688ac","network-gwlbe-private-subnet-zb","10.70.0.0/16","tgw-0cccd47a259444dcb"
"network-gwlbe-rt","rtb-02b2599bc73d5af0c","subnet-04e8ed2c0320688ac","network-gwlbe-private-subnet-zb","10.210.0.0/16","tgw-0cccd47a259444dcb"
"network-gwlbe-rt","rtb-02b2599bc73d5af0c","subnet-04e8ed2c0320688ac","network-gwlbe-private-subnet-zb","10.211.0.0/16","tgw-0cccd47a259444dcb"
"pb-prod-app-private-rt","rtb-099e04372a6979507","subnet-09f476e73def2f318","pb-prod-app-cluster-private-subnet-za","172.16.5.0/24","tgw-0cccd47a259444dcb"
"pb-prod-app-private-rt","rtb-099e04372a6979507","subnet-09f476e73def2f318","pb-prod-app-cluster-private-subnet-za","10.10.0.0/16","tgw-0cccd47a259444dcb"
"pb-prod-app-private-rt","rtb-099e04372a6979507","subnet-09f476e73def2f318","pb-prod-app-cluster-private-subnet-za","10.20.0.0/16","tgw-0cccd47a259444dcb"
"pb-prod-app-private-rt","rtb-099e04372a6979507","subnet-09f476e73def2f318","pb-prod-app-cluster-private-subnet-za","10.70.0.0/16","tgw-0cccd47a259444dcb"
"pb-prod-app-private-rt","rtb-099e04372a6979507","subnet-09f476e73def2f318","pb-prod-app-cluster-private-subnet-za","10.210.0.0/16","local"
"pb-prod-app-private-rt","rtb-099e04372a6979507","subnet-09f476e73def2f318","pb-prod-app-cluster-private-subnet-za","10.211.0.0/16","tgw-0cccd47a259444dcb"
"pb-prod-app-private-rt","rtb-099e04372a6979507","subnet-09f476e73def2f318","pb-prod-app-cluster-private-subnet-za","0.0.0.0/0","tgw-0cccd47a259444dcb"
"pb-prod-app-private-rt","rtb-099e04372a6979507","subnet-07ea3e86e3c0ebc69","pb-prod-app-cluster-private-subnet-zc","172.16.5.0/24","tgw-0cccd47a259444dcb"
"pb-prod-app-private-rt","rtb-099e04372a6979507","subnet-07ea3e86e3c0ebc69","pb-prod-app-cluster-private-subnet-zc","10.10.0.0/16","tgw-0cccd47a259444dcb"
"pb-prod-app-private-rt","rtb-099e04372a6979507","subnet-07ea3e86e3c0ebc69","pb-prod-app-cluster-private-subnet-zc","10.20.0.0/16","tgw-0cccd47a259444dcb"
"pb-prod-app-private-rt","rtb-099e04372a6979507","subnet-07ea3e86e3c0ebc69","pb-prod-app-cluster-private-subnet-zc","10.70.0.0/16","tgw-0cccd47a259444dcb"
"pb-prod-app-private-rt","rtb-099e04372a6979507","subnet-07ea3e86e3c0ebc69","pb-prod-app-cluster-private-subnet-zc","10.210.0.0/16","local"
"pb-prod-app-private-rt","rtb-099e04372a6979507","subnet-07ea3e86e3c0ebc69","pb-prod-app-cluster-private-subnet-zc","10.211.0.0/16","tgw-0cccd47a259444dcb"
"pb-prod-app-private-rt","rtb-099e04372a6979507","subnet-07ea3e86e3c0ebc69","pb-prod-app-cluster-private-subnet-zc","0.0.0.0/0","tgw-0cccd47a259444dcb"
"pb-prod-app-private-rt","rtb-099e04372a6979507","subnet-0e4b7386db1c7a31c","pb-prod-app-private-subnet-zb","172.16.5.0/24","tgw-0cccd47a259444dcb"
"pb-prod-app-private-rt","rtb-099e04372a6979507","subnet-0e4b7386db1c7a31c","pb-prod-app-private-subnet-zb","10.10.0.0/16","tgw-0cccd47a259444dcb"
"pb-prod-app-private-rt","rtb-099e04372a6979507","subnet-0e4b7386db1c7a31c","pb-prod-app-private-subnet-zb","10.20.0.0/16","tgw-0cccd47a259444dcb"
"pb-prod-app-private-rt","rtb-099e04372a6979507","subnet-0e4b7386db1c7a31c","pb-prod-app-private-subnet-zb","10.70.0.0/16","tgw-0cccd47a259444dcb"
"pb-prod-app-private-rt","rtb-099e04372a6979507","subnet-0e4b7386db1c7a31c","pb-prod-app-private-subnet-zb","10.210.0.0/16","local"
"pb-prod-app-private-rt","rtb-099e04372a6979507","subnet-0e4b7386db1c7a31c","pb-prod-app-private-subnet-zb","10.211.0.0/16","tgw-0cccd47a259444dcb"
"pb-prod-app-private-rt","rtb-099e04372a6979507","subnet-0e4b7386db1c7a31c","pb-prod-app-private-subnet-zb","0.0.0.0/0","tgw-0cccd47a259444dcb"
"pb-prod-app-private-rt","rtb-099e04372a6979507","subnet-09a2021be8b59cf3b","pb-prod-app-private-subnet-za","172.16.5.0/24","tgw-0cccd47a259444dcb"
"pb-prod-app-private-rt","rtb-099e04372a6979507","subnet-09a2021be8b59cf3b","pb-prod-app-private-subnet-za","10.10.0.0/16","tgw-0cccd47a259444dcb"
"pb-prod-app-private-rt","rtb-099e04372a6979507","subnet-09a2021be8b59cf3b","pb-prod-app-private-subnet-za","10.20.0.0/16","tgw-0cccd47a259444dcb"
"pb-prod-app-private-rt","rtb-099e04372a6979507","subnet-09a2021be8b59cf3b","pb-prod-app-private-subnet-za","10.70.0.0/16","tgw-0cccd47a259444dcb"
"pb-prod-app-private-rt","rtb-099e04372a6979507","subnet-09a2021be8b59cf3b","pb-prod-app-private-subnet-za","10.210.0.0/16","local"
"pb-prod-app-private-rt","rtb-099e04372a6979507","subnet-09a2021be8b59cf3b","pb-prod-app-private-subnet-za","10.211.0.0/16","tgw-0cccd47a259444dcb"
"pb-prod-app-private-rt","rtb-099e04372a6979507","subnet-09a2021be8b59cf3b","pb-prod-app-private-subnet-za","0.0.0.0/0","tgw-0cccd47a259444dcb"
"pb-prod-app-private-rt","rtb-099e04372a6979507","subnet-021c670ec9f852dab","pb-prod-app-private-subnet-zc","172.16.5.0/24","tgw-0cccd47a259444dcb"
"pb-prod-app-private-rt","rtb-099e04372a6979507","subnet-021c670ec9f852dab","pb-prod-app-private-subnet-zc","10.10.0.0/16","tgw-0cccd47a259444dcb"
"pb-prod-app-private-rt","rtb-099e04372a6979507","subnet-021c670ec9f852dab","pb-prod-app-private-subnet-zc","10.20.0.0/16","tgw-0cccd47a259444dcb"
"pb-prod-app-private-rt","rtb-099e04372a6979507","subnet-021c670ec9f852dab","pb-prod-app-private-subnet-zc","10.70.0.0/16","tgw-0cccd47a259444dcb"
"pb-prod-app-private-rt","rtb-099e04372a6979507","subnet-021c670ec9f852dab","pb-prod-app-private-subnet-zc","10.210.0.0/16","local"
"pb-prod-app-private-rt","rtb-099e04372a6979507","subnet-021c670ec9f852dab","pb-prod-app-private-subnet-zc","10.211.0.0/16","tgw-0cccd47a259444dcb"
"pb-prod-app-private-rt","rtb-099e04372a6979507","subnet-021c670ec9f852dab","pb-prod-app-private-subnet-zc","0.0.0.0/0","tgw-0cccd47a259444dcb"
"pb-prod-app-private-rt","rtb-099e04372a6979507","subnet-0e97c2a96d9432679","pb-prod-app-cluster-private-subnet-zb","172.16.5.0/24","tgw-0cccd47a259444dcb"
"pb-prod-app-private-rt","rtb-099e04372a6979507","subnet-0e97c2a96d9432679","pb-prod-app-cluster-private-subnet-zb","10.10.0.0/16","tgw-0cccd47a259444dcb"
"pb-prod-app-private-rt","rtb-099e04372a6979507","subnet-0e97c2a96d9432679","pb-prod-app-cluster-private-subnet-zb","10.20.0.0/16","tgw-0cccd47a259444dcb"
"pb-prod-app-private-rt","rtb-099e04372a6979507","subnet-0e97c2a96d9432679","pb-prod-app-cluster-private-subnet-zb","10.70.0.0/16","tgw-0cccd47a259444dcb"
"pb-prod-app-private-rt","rtb-099e04372a6979507","subnet-0e97c2a96d9432679","pb-prod-app-cluster-private-subnet-zb","10.210.0.0/16","local"
"pb-prod-app-private-rt","rtb-099e04372a6979507","subnet-0e97c2a96d9432679","pb-prod-app-cluster-private-subnet-zb","10.211.0.0/16","tgw-0cccd47a259444dcb"
"pb-prod-app-private-rt","rtb-099e04372a6979507","subnet-0e97c2a96d9432679","pb-prod-app-cluster-private-subnet-zb","0.0.0.0/0","tgw-0cccd47a259444dcb"
"network-gwlb-rt","rtb-0eb4a57bb6c58ae00","subnet-053c4bbd7d1a4f65f","network-gwlb-private-subnet-zb","10.212.0.0/23","local"
"network-gwlb-rt","rtb-0eb4a57bb6c58ae00","subnet-0d9a2f0848d8e89d7","network-gwlb-private-subnet-za","10.212.0.0/23","local"
